hour_utc,trades,win_rate,expectancy_R,ci95_lo,ci95_hi,profit_factor,average_R,max_dd_R,net_R
0,3856,0.4924792531120332,-0.005604307109489912,-0.018756161090907164,0.006559908227884776,0.9617668129605006,-0.005604307109489912,37.6649378169593,-21.6102082141931
1,1392,0.48419540229885055,-0.029354306066636818,-0.05252605943059161,-0.00712901951153202,0.8348198813909516,-0.029354306066636818,43.41619558549616,-40.86119404475845
2,529,0.55765595463138,-0.006453749890144731,-0.04545774884090879,0.03190141925572435,0.9626864483953625,-0.006453749890144731,13.46572487359339,-3.414033691886563
3,3076,0.48081924577373214,-0.008359447207027852,-0.029823798255777887,0.012810303222178259,0.9593569701648352,-0.008359447207027852,58.718244340980505,-25.71365960881767
4,2114,0.5018921475875118,-0.0038633615977650315,-0.03211918291425449,0.023594391329792987,0.9839178698296036,-0.0038633615977650315,27.251884750347127,-8.167146417675276
5,1961,0.47322794492605813,-0.04822591741423855,-0.07493103911326945,-0.020953189908402635,0.8031995031583637,-0.04822591741423855,104.79560374112431,-94.5710240493218
6,2254,0.48535936113575867,-0.04661127426865822,-0.07162979902118609,-0.020830849253683406,0.8076915657821467,-0.04661127426865822,113.57984518113044,-105.06181220155564
7,2131,0.4702017832003754,-0.050001414833232206,-0.07281849245760802,-0.02614612093541981,0.7706573297641617,-0.050001414833232206,107.0430229207377,-106.55301500961784
8,158,0.379746835443038,-0.10878147718816591,-0.17626654415292825,-0.045312052568594274,0.4761464252497722,-0.10878147718816591,18.998453516353162,-17.187473395730215
