spread_mult,slippage_mult,segment,trades,expectancy_R,profit_factor,net_R,strategy,symbol
1.0,1.0,pre_OOS,626,0.04667474728161686,1.1121779641448528,29.218391798292153,A_asian_range_breakout,USDJPY
1.0,1.0,OOS,162,-0.0531592869366219,0.8793815660807494,-8.611804483732747,A_asian_range_breakout,USDJPY
1.0,2.0,pre_OOS,626,0.02245520855459316,1.0522679285911394,14.056960555175317,A_asian_range_breakout,USDJPY
1.0,2.0,OOS,162,-0.08082718383897951,0.8228449391899901,-13.09400378191468,A_asian_range_breakout,USDJPY
1.0,3.0,pre_OOS,626,-0.0029257884158373536,0.9934008881721498,-1.8315435483141833,A_asian_range_breakout,USDJPY
1.0,3.0,OOS,162,-0.108495080741075,0.770110038421011,-17.57620308005415,A_asian_range_breakout,USDJPY
1.5,1.0,pre_OOS,626,0.020941090800727948,1.0487113690000882,13.109122841255695,A_asian_range_breakout,USDJPY
1.5,1.0,OOS,162,-0.06665079277326323,0.850224813495265,-10.797428429268644,A_asian_range_breakout,USDJPY
1.5,2.0,pre_OOS,626,-0.0034136986457104085,0.9923092010454408,-2.1369753522147157,A_asian_range_breakout,USDJPY
1.5,2.0,OOS,162,-0.09436678972372112,0.7952185441238955,-15.28741993524282,A_asian_range_breakout,USDJPY
1.5,3.0,pre_OOS,626,-0.02802859646812707,0.9388004606312457,-17.545901389047547,A_asian_range_breakout,USDJPY
1.5,3.0,OOS,162,-0.12208278667391638,0.7440601160303496,-19.777411441174454,A_asian_range_breakout,USDJPY
2.0,1.0,pre_OOS,624,0.0033275706530222493,1.0076066195023097,2.0764040874858836,A_asian_range_breakout,USDJPY
2.0,1.0,OOS,162,-0.07529010981512761,0.8325392450882606,-12.196997790050673,A_asian_range_breakout,USDJPY
2.0,2.0,pre_OOS,624,-0.02138624041124255,0.9526707977302267,-13.345014016615352,A_asian_range_breakout,USDJPY
2.0,2.0,OOS,162,-0.10307908520303863,0.7786727475728589,-16.69881180289226,A_asian_range_breakout,USDJPY
2.0,3.0,pre_OOS,624,-0.05019738762711654,0.8923572448237647,-31.323169879320723,A_asian_range_breakout,USDJPY
2.0,3.0,OOS,162,-0.1308680605906864,0.7286307754436361,-21.200625815691197,A_asian_range_breakout,USDJPY
1.0,1.0,pre_OOS,540,-0.10697743016676702,0.7754561247085335,-57.76781229005419,B_asian_failed_breakout,USDJPY
1.0,1.0,OOS,144,-0.19977725842631713,0.592645258309779,-28.767925213389667,B_asian_failed_breakout,USDJPY
1.0,2.0,pre_OOS,540,-0.13605905550893585,0.7257323946299994,-73.47188997482536,B_asian_failed_breakout,USDJPY
1.0,2.0,OOS,144,-0.23205166735905478,0.5475020710617391,-33.415440099703886,B_asian_failed_breakout,USDJPY
1.0,3.0,pre_OOS,540,-0.16514068085090877,0.6798742411869388,-89.17596765949074,B_asian_failed_breakout,USDJPY
1.0,3.0,OOS,144,-0.2643260762914866,0.5065669711730197,-38.062954985974066,B_asian_failed_breakout,USDJPY
1.5,1.0,pre_OOS,539,-0.14600505487778534,0.7005917698568335,-78.6967245791263,B_asian_failed_breakout,USDJPY
1.5,1.0,OOS,144,-0.21488915456829305,0.5638611283825337,-30.9440382578342,B_asian_failed_breakout,USDJPY
1.5,2.0,pre_OOS,539,-0.17485367130560842,0.6555075914312732,-94.24612883372293,B_asian_failed_breakout,USDJPY
1.5,2.0,OOS,144,-0.24653894626996348,0.521344312897988,-35.50160826287474,B_asian_failed_breakout,USDJPY
1.5,3.0,pre_OOS,539,-0.20370228773323626,0.6139212213093592,-109.79553308821434,B_asian_failed_breakout,USDJPY
1.5,3.0,OOS,144,-0.27818873797133403,0.48265405834952246,-40.0591782678721,B_asian_failed_breakout,USDJPY
2.0,1.0,pre_OOS,538,-0.17174355536729505,0.6533541229938805,-92.39803278760473,B_asian_failed_breakout,USDJPY
2.0,1.0,OOS,143,-0.24084265191477772,0.5182154994996638,-34.44049922381321,B_asian_failed_breakout,USDJPY
2.0,2.0,pre_OOS,538,-0.2001876175089268,0.6115468763392238,-107.70093821980262,B_asian_failed_breakout,USDJPY
2.0,2.0,OOS,143,-0.27214502182223727,0.47905458944212626,-38.91673812057993,B_asian_failed_breakout,USDJPY
2.0,3.0,pre_OOS,538,-0.22863167965036552,0.5729631637078565,-123.00384365189664,B_asian_failed_breakout,USDJPY
2.0,3.0,OOS,143,-0.30344739172940044,0.4432280575629037,-43.39297701730426,B_asian_failed_breakout,USDJPY
1.0,1.0,pre_OOS,1071,0.00706658929930511,1.0521318854220256,7.568317139555773,C_tokyo_or_breakout,USDJPY
1.0,1.0,OOS,269,-0.016242324310508875,0.8976446782262478,-4.369185239526887,C_tokyo_or_breakout,USDJPY
1.0,2.0,pre_OOS,1071,0.0018136334688328099,1.0131151060780912,1.9424014451199394,C_tokyo_or_breakout,USDJPY
1.0,2.0,OOS,269,-0.0222050757975983,0.8627351220563056,-5.973165389553943,C_tokyo_or_breakout,USDJPY
1.0,3.0,pre_OOS,1071,-0.003439322361604652,0.9756201620235484,-3.6835142492785824,C_tokyo_or_breakout,USDJPY
1.0,3.0,OOS,269,-0.028167827284631224,0.8291624086576848,-7.577145539565799,C_tokyo_or_breakout,USDJPY
1.5,1.0,pre_OOS,1072,0.001927769566516721,1.013939076809042,2.066568975305925,C_tokyo_or_breakout,USDJPY
1.5,1.0,OOS,269,-0.02117979553104606,0.868638740657356,-5.69736499785139,C_tokyo_or_breakout,USDJPY
1.5,2.0,pre_OOS,1072,-0.003320991975272147,0.9764594937490386,-3.5601033974917415,C_tokyo_or_breakout,USDJPY
1.5,2.0,OOS,269,-0.02714186222800757,0.8348446708478868,-7.301160939334037,C_tokyo_or_breakout,USDJPY
1.5,3.0,pre_OOS,1072,-0.008569753517026211,0.9404437945241387,-9.186775770252098,C_tokyo_or_breakout,USDJPY
1.5,3.0,OOS,269,-0.03310392892491258,0.8023326054568222,-8.904956880801485,C_tokyo_or_breakout,USDJPY
2.0,1.0,pre_OOS,1072,-0.0029672270005078635,0.9788834660105966,-3.1808673445444295,C_tokyo_or_breakout,USDJPY
2.0,1.0,OOS,269,-0.026093786011910362,0.8404372489824847,-7.019228437203887,C_tokyo_or_breakout,USDJPY
2.0,2.0,pre_OOS,1072,-0.008204422850728048,0.9427597148436113,-8.795141295980468,C_tokyo_or_breakout,USDJPY
2.0,2.0,OOS,269,-0.03204169893772112,0.8077343362090038,-8.619217014246983,C_tokyo_or_breakout,USDJPY
2.0,3.0,pre_OOS,1072,-0.013441618700913496,0.9080477211532397,-14.409415247379268,C_tokyo_or_breakout,USDJPY
2.0,3.0,OOS,269,-0.03798961186347555,0.7762808748402314,-10.219205591274923,C_tokyo_or_breakout,USDJPY
1.0,1.0,pre_OOS,261,0.008257667741189618,1.0450544567928297,2.15525128045049,D_tokyo_or_failed_breakout,USDJPY
1.0,1.0,OOS,69,-0.13028653789839584,0.548646956443771,-8.989771114989313,D_tokyo_or_failed_breakout,USDJPY
1.0,2.0,pre_OOS,261,-0.0023606098517453674,0.987409122643889,-0.616119171305541,D_tokyo_or_failed_breakout,USDJPY
1.0,2.0,OOS,69,-0.1437277543136337,0.5137601256061414,-9.917215047640724,D_tokyo_or_failed_breakout,USDJPY
1.0,3.0,pre_OOS,261,-0.012978887444609,0.9323253238380749,-3.387489623042949,D_tokyo_or_failed_breakout,USDJPY
1.0,3.0,OOS,69,-0.15716897072874414,0.48047220506052735,-10.844658980283345,D_tokyo_or_failed_breakout,USDJPY
1.5,1.0,pre_OOS,257,-0.002494767538032147,0.9866894943292186,-0.6411552572742618,D_tokyo_or_failed_breakout,USDJPY
1.5,1.0,OOS,67,-0.1446253285553028,0.51579756630822,-9.689897013205288,D_tokyo_or_failed_breakout,USDJPY
1.5,2.0,pre_OOS,257,-0.013045423043304914,0.9319880232871605,-3.3526737221293628,D_tokyo_or_failed_breakout,USDJPY
1.5,2.0,OOS,67,-0.15791457308412457,0.48353671885398786,-10.580276396636346,D_tokyo_or_failed_breakout,USDJPY
1.5,3.0,pre_OOS,257,-0.023596078548506386,0.8797458445383601,-6.0641921869661415,D_tokyo_or_failed_breakout,USDJPY
1.5,3.0,OOS,67,-0.17120381761282047,0.4527348166917413,-11.470655780058971,D_tokyo_or_failed_breakout,USDJPY
2.0,1.0,pre_OOS,248,-0.00532710001365439,0.97157324459394,-1.3211208033862887,D_tokyo_or_failed_breakout,USDJPY
2.0,1.0,OOS,61,-0.1581647230199224,0.494124246959655,-9.648048104215267,D_tokyo_or_failed_breakout,USDJPY
2.0,2.0,pre_OOS,248,-0.015872769824145132,0.9172540588459349,-3.9364469163879927,D_tokyo_or_failed_breakout,USDJPY
2.0,2.0,OOS,61,-0.17116116985074706,0.46480463331584954,-10.44083136089557,D_tokyo_or_failed_breakout,USDJPY
2.0,3.0,pre_OOS,248,-0.02641843963456484,0.865386023244959,-6.551773029372081,D_tokyo_or_failed_breakout,USDJPY
2.0,3.0,OOS,61,-0.18415761668144862,0.4367682868216334,-11.233614617568366,D_tokyo_or_failed_breakout,USDJPY
1.0,1.0,pre_OOS,725,0.032509531525824295,1.1472805034420068,23.569410356222615,E_tokyo_breakout_vwap,USDJPY
1.0,1.0,OOS,184,-0.033061629080203395,0.8633483174586267,-6.083339750757425,E_tokyo_breakout_vwap,USDJPY
1.0,2.0,pre_OOS,725,0.01877673628670854,1.0823892068877525,13.613133807863692,E_tokyo_breakout_vwap,USDJPY
1.0,2.0,OOS,184,-0.04911155538666711,0.8035378658352816,-9.036526191146748,E_tokyo_breakout_vwap,USDJPY
1.0,3.0,pre_OOS,725,0.005043941047685139,1.0214407850880316,3.6568572595717264,E_tokyo_breakout_vwap,USDJPY
1.0,3.0,OOS,184,-0.06516148169297876,0.7481031267910107,-11.989712631508093,E_tokyo_breakout_vwap,USDJPY
1.5,1.0,pre_OOS,725,0.02202983215509203,1.0979003660032172,15.97162831244172,E_tokyo_breakout_vwap,USDJPY
1.5,1.0,OOS,184,-0.04907509659439225,0.8024032771359899,-9.029817773368174,E_tokyo_breakout_vwap,USDJPY
1.5,2.0,pre_OOS,725,0.008400752656893854,1.036159137631751,6.090545676248045,E_tokyo_breakout_vwap,USDJPY
1.5,2.0,OOS,184,-0.06503053760553099,0.7468229574166015,-11.965618919417702,E_tokyo_breakout_vwap,USDJPY
1.5,3.0,pre_OOS,725,-0.005228326841212603,0.9781957398860716,-3.7905369598791374,E_tokyo_breakout_vwap,USDJPY
1.5,3.0,OOS,184,-0.08098597861651857,0.6953114460288579,-14.901420065439417,E_tokyo_breakout_vwap,USDJPY
2.0,1.0,pre_OOS,724,0.0122753203719744,1.0536394264120146,8.887331949309466,E_tokyo_breakout_vwap,USDJPY
2.0,1.0,OOS,184,-0.06313642922419092,0.7501441898663461,-11.617102977251129,E_tokyo_breakout_vwap,USDJPY
2.0,2.0,pre_OOS,724,-0.0012410814728325834,0.9947458124102283,-0.8985429863307903,E_tokyo_breakout_vwap,USDJPY
2.0,2.0,OOS,184,-0.07893177301446594,0.6981881886757683,-14.523446234661733,E_tokyo_breakout_vwap,USDJPY
2.0,3.0,pre_OOS,724,-0.014757483317548335,0.9394605188890188,-10.684417921904995,E_tokyo_breakout_vwap,USDJPY
2.0,3.0,OOS,184,-0.09472711680459132,0.6498842995871917,-17.429789492044804,E_tokyo_breakout_vwap,USDJPY
1.0,1.0,pre_OOS,161,0.05400128055983534,1.2184176321272011,8.694206170133489,A_asian_range_breakout,AUDJPY
1.0,1.0,OOS,41,-0.08493237597481719,0.6932846366052036,-3.4822274149675048,A_asian_range_breakout,AUDJPY
1.0,2.0,pre_OOS,161,0.036921002316538686,1.1442849108098982,5.944281372962728,A_asian_range_breakout,AUDJPY
1.0,2.0,OOS,41,-0.10387471113926386,0.6424875922118466,-4.258863156709818,A_asian_range_breakout,AUDJPY
1.0,3.0,pre_OOS,161,0.019840724073181343,1.0748517171896228,3.1943565757821966,A_asian_range_breakout,AUDJPY
1.0,3.0,OOS,41,-0.12281704630377784,0.5962458079842944,-5.035498898454891,A_asian_range_breakout,AUDJPY
1.5,1.0,pre_OOS,162,0.032242917831782805,1.1254718689797611,5.223352688748815,A_asian_range_breakout,AUDJPY
1.5,1.0,OOS,41,-0.10195119023406644,0.646510157851431,-4.179998799596724,A_asian_range_breakout,AUDJPY
1.5,2.0,pre_OOS,162,0.015118122622090786,1.0567876829889844,2.4491358647787074,A_asian_range_breakout,AUDJPY
1.5,2.0,OOS,41,-0.12090015585034551,0.599745740284172,-4.956906389864166,A_asian_range_breakout,AUDJPY
1.5,3.0,pre_OOS,162,-0.002006672587662088,0.9927219181490273,-0.32508095920125823,A_asian_range_breakout,AUDJPY
1.5,3.0,OOS,41,-0.13984912146669184,0.5570237375296767,-5.733813980134366,A_asian_range_breakout,AUDJPY
2.0,1.0,pre_OOS,161,0.009392794828125082,1.035092890707226,1.5122399673281381,A_asian_range_breakout,AUDJPY
2.0,1.0,OOS,41,-0.11907527198278449,0.6030064078091526,-4.882086151294164,A_asian_range_breakout,AUDJPY
2.0,2.0,pre_OOS,161,-0.007784365280710002,0.971922543828266,-1.2532828101943103,A_asian_range_breakout,AUDJPY
2.0,2.0,OOS,41,-0.13801894129661457,0.5598667253671773,-5.658776593161198,A_asian_range_breakout,AUDJPY
2.0,3.0,pre_OOS,161,-0.024961525389606113,0.9130765376493004,-4.018805587726584,A_asian_range_breakout,AUDJPY
2.0,3.0,OOS,41,-0.15696261061051195,0.520323979467599,-6.43546703503099,A_asian_range_breakout,AUDJPY
1.0,1.0,pre_OOS,339,-0.12735295773409006,0.6147614885838258,-43.17265267185653,B_asian_failed_breakout,AUDJPY
1.0,1.0,OOS,77,-0.1158865604616171,0.6586336842538226,-8.923265155544517,B_asian_failed_breakout,AUDJPY
1.0,2.0,pre_OOS,339,-0.15049620286762294,0.5641301409674596,-51.01821277212417,B_asian_failed_breakout,AUDJPY
1.0,2.0,OOS,77,-0.14010817653384428,0.6053546062834149,-10.78832959310601,B_asian_failed_breakout,AUDJPY
1.0,3.0,pre_OOS,339,-0.173639448001238,0.5181745869980209,-58.86377287241969,B_asian_failed_breakout,AUDJPY
1.0,3.0,OOS,77,-0.16432979260615746,0.5571349832572975,-12.653394030674125,B_asian_failed_breakout,AUDJPY
1.5,1.0,pre_OOS,340,-0.1540108300675166,0.5506824516591678,-52.36368222295564,B_asian_failed_breakout,AUDJPY
1.5,1.0,OOS,77,-0.13825330013559534,0.6009627993283221,-10.645504110440841,B_asian_failed_breakout,AUDJPY
1.5,2.0,pre_OOS,340,-0.17686796773277955,0.5055109889150726,-60.13510902914504,B_asian_failed_breakout,AUDJPY
1.5,2.0,OOS,77,-0.16216236230581244,0.5525857017211947,-12.486501897547557,B_asian_failed_breakout,AUDJPY
1.5,3.0,pre_OOS,340,-0.1997251053981237,0.46452329307154194,-67.90653583536205,B_asian_failed_breakout,AUDJPY
1.5,3.0,OOS,77,-0.18607142447611433,0.5082933959077505,-14.327499684660804,B_asian_failed_breakout,AUDJPY
2.0,1.0,pre_OOS,337,-0.1736504215584942,0.5019758179283855,-58.52019206521254,B_asian_failed_breakout,AUDJPY
2.0,1.0,OOS,76,-0.1584779839488001,0.5568366741586603,-12.044326780108808,B_asian_failed_breakout,AUDJPY
2.0,2.0,pre_OOS,337,-0.19608283512073738,0.46066714755679095,-66.07991543568849,B_asian_failed_breakout,AUDJPY
2.0,2.0,OOS,76,-0.18213464079317357,0.5121805545172671,-13.84223270028119,B_asian_failed_breakout,AUDJPY
2.0,3.0,pre_OOS,337,-0.21851524868306033,0.4233437886025365,-73.63963880619133,B_asian_failed_breakout,AUDJPY
2.0,3.0,OOS,76,-0.20579129763763113,0.47145402064938297,-15.640138620459965,B_asian_failed_breakout,AUDJPY
1.0,1.0,pre_OOS,927,-0.012550928263733822,0.9099493713848197,-11.634710500481253,C_tokyo_or_breakout,AUDJPY
1.0,1.0,OOS,228,-0.04428147316397755,0.7175085167620369,-10.09617588138688,C_tokyo_or_breakout,AUDJPY
1.0,2.0,pre_OOS,927,-0.020943386912769986,0.8544611084636253,-19.41451966813778,C_tokyo_or_breakout,AUDJPY
1.0,2.0,OOS,228,-0.053485412296112395,0.6693411830553541,-12.194674003513626,C_tokyo_or_breakout,AUDJPY
1.0,3.0,pre_OOS,927,-0.029335845561835966,0.8024845045827442,-27.194328835821942,C_tokyo_or_breakout,AUDJPY
1.0,3.0,OOS,228,-0.06268935142827993,0.6242759821894419,-14.293172125647825,C_tokyo_or_breakout,AUDJPY
1.5,1.0,pre_OOS,926,-0.02489075363230974,0.8297907805514786,-23.04883786351882,C_tokyo_or_breakout,AUDJPY
1.5,1.0,OOS,228,-0.05381120561955508,0.6674156454497306,-12.268954881258558,C_tokyo_or_breakout,AUDJPY
1.5,2.0,pre_OOS,926,-0.03328452091601307,0.7794064146628332,-30.8214663682281,C_tokyo_or_breakout,AUDJPY
1.5,2.0,OOS,228,-0.06301449171261267,0.6223955549554887,-14.36730411047569,C_tokyo_or_breakout,AUDJPY
1.5,3.0,pre_OOS,926,-0.041678288199746207,0.7322529258040396,-38.59409487296499,C_tokyo_or_breakout,AUDJPY
1.5,3.0,OOS,228,-0.07221777780570296,0.5802580980064544,-16.465653339700275,C_tokyo_or_breakout,AUDJPY
2.0,1.0,pre_OOS,927,-0.03548623514164449,0.7665466842546261,-32.89573997630445,C_tokyo_or_breakout,AUDJPY
2.0,1.0,OOS,228,-0.06346453361883128,0.6199050169737654,-14.469913665093532,C_tokyo_or_breakout,AUDJPY
2.0,2.0,pre_OOS,927,-0.04387108260034181,0.720245369920334,-40.66849357051686,C_tokyo_or_breakout,AUDJPY
2.0,2.0,OOS,228,-0.07266039718251674,0.5779583732262266,-16.566570557613815,C_tokyo_or_breakout,AUDJPY
2.0,3.0,pre_OOS,927,-0.052255930059068915,0.6770721334818186,-48.44124716475689,C_tokyo_or_breakout,AUDJPY
2.0,3.0,OOS,228,-0.08185626074623487,0.5386491947472363,-18.663227450141548,C_tokyo_or_breakout,AUDJPY
1.0,1.0,pre_OOS,291,-0.024121152201093222,0.8900318233770657,-7.019255290518128,D_tokyo_or_failed_breakout,AUDJPY
1.0,1.0,OOS,59,-0.044840838035064466,0.8199245183826507,-2.6456094440688034,D_tokyo_or_failed_breakout,AUDJPY
1.0,2.0,pre_OOS,291,-0.042055910098239814,0.8152256614493147,-12.238269838587787,D_tokyo_or_failed_breakout,AUDJPY
1.0,2.0,OOS,59,-0.06484819080863585,0.7491425347492469,-3.8260432577095154,D_tokyo_or_failed_breakout,AUDJPY
1.0,3.0,pre_OOS,291,-0.05999066799545013,0.7458909085017843,-17.457284386675987,D_tokyo_or_failed_breakout,AUDJPY
1.0,3.0,OOS,59,-0.08485554358227836,0.6833759012141173,-5.006477071354423,D_tokyo_or_failed_breakout,AUDJPY
1.5,1.0,pre_OOS,277,-0.05392822326638698,0.7698033068328758,-14.938117844789193,D_tokyo_or_failed_breakout,AUDJPY
1.5,1.0,OOS,59,-0.06030832917098942,0.7599001045297387,-3.5581914210883756,D_tokyo_or_failed_breakout,AUDJPY
1.5,2.0,pre_OOS,277,-0.07195556604452313,0.7042547853292308,-19.93169179433291,D_tokyo_or_failed_breakout,AUDJPY
1.5,2.0,OOS,59,-0.07996626884376279,0.6930251157585723,-4.718009861782004,D_tokyo_or_failed_breakout,AUDJPY
1.5,3.0,pre_OOS,277,-0.08998290882272336,0.6434667167116248,-24.92526574389437,D_tokyo_or_failed_breakout,AUDJPY
1.5,3.0,OOS,59,-0.09962420851660597,0.6307689484171207,-5.877828302479752,D_tokyo_or_failed_breakout,AUDJPY
2.0,1.0,pre_OOS,254,-0.0805206094780887,0.6793887640212498,-20.45223480743453,D_tokyo_or_failed_breakout,AUDJPY
2.0,1.0,OOS,55,-0.02690897418448691,0.8771476526802165,-1.47999358014678,D_tokyo_or_failed_breakout,AUDJPY
2.0,2.0,pre_OOS,254,-0.09840141183434277,0.6221477033092275,-24.993958605923062,D_tokyo_or_failed_breakout,AUDJPY
2.0,2.0,OOS,55,-0.04615998867824002,0.7968510098296407,-2.538799377303201,D_tokyo_or_failed_breakout,AUDJPY
2.0,3.0,pre_OOS,254,-0.11628221419066036,0.5688440355111607,-29.53568240442773,D_tokyo_or_failed_breakout,AUDJPY
2.0,3.0,OOS,55,-0.06541100317206155,0.722139603214862,-3.5976051744633857,D_tokyo_or_failed_breakout,AUDJPY
1.0,1.0,pre_OOS,161,0.03867304610050445,1.3273186122381557,6.226360422181216,E_tokyo_breakout_vwap,AUDJPY
1.0,1.0,OOS,40,-0.0840106001889533,0.5394126389126059,-3.360424007558132,E_tokyo_breakout_vwap,AUDJPY
1.0,2.0,pre_OOS,161,0.030153846904750547,1.2462996312338737,4.854769351664838,E_tokyo_breakout_vwap,AUDJPY
1.0,2.0,OOS,40,-0.09336295072413049,0.5061031336703073,-3.7345180289652196,E_tokyo_breakout_vwap,AUDJPY
1.0,3.0,pre_OOS,161,0.02163464770896638,1.1703955558773649,3.4831782811435867,E_tokyo_breakout_vwap,AUDJPY
1.0,3.0,OOS,40,-0.10271530125934092,0.47505246101289555,-4.108612050373637,E_tokyo_breakout_vwap,AUDJPY
1.5,1.0,pre_OOS,162,0.028063167848998524,1.2286935531649494,4.546233191537761,E_tokyo_breakout_vwap,AUDJPY
1.5,1.0,OOS,40,-0.09288385195532897,0.5071055103813517,-3.715354078213159,E_tokyo_breakout_vwap,AUDJPY
1.5,2.0,pre_OOS,162,0.019521441794080257,1.1533661460688784,3.162473570641002,E_tokyo_breakout_vwap,AUDJPY
1.5,2.0,OOS,40,-0.10223951183160751,0.4759181640539734,-4.0895804732643,E_tokyo_breakout_vwap,AUDJPY
1.5,3.0,pre_OOS,162,0.010979715739131637,1.0831895902549156,1.7787139497393252,E_tokyo_breakout_vwap,AUDJPY
1.5,3.0,OOS,40,-0.11159517170791929,0.4467831896223796,-4.463806868316771,E_tokyo_breakout_vwap,AUDJPY
2.0,1.0,pre_OOS,161,0.015744399564141504,1.12206495413288,2.534848329826782,E_tokyo_breakout_vwap,AUDJPY
2.0,1.0,OOS,40,-0.10171736422412447,0.4767944126406621,-4.068694568964979,E_tokyo_breakout_vwap,AUDJPY
2.0,2.0,pre_OOS,161,0.007176576510711809,1.0536644760027882,1.1554288182246013,E_tokyo_breakout_vwap,AUDJPY
2.0,2.0,OOS,40,-0.11107030895485104,0.4475422868412642,-4.4428123581940415,E_tokyo_breakout_vwap,AUDJPY
2.0,3.0,pre_OOS,161,-0.0013912465427483244,0.989965190618193,-0.22399069338248023,E_tokyo_breakout_vwap,AUDJPY
2.0,3.0,OOS,40,-0.12042325368561083,0.42015945364629026,-4.816930147424433,E_tokyo_breakout_vwap,AUDJPY
1.0,1.0,pre_OOS,723,-0.012938330066476225,0.8546185004559289,-9.35441263806231,A_asian_range_breakout,AUDUSD
1.0,1.0,OOS,177,-0.04052965606482476,0.6058616989730123,-7.173749123473982,A_asian_range_breakout,AUDUSD
1.0,2.0,pre_OOS,723,-0.020328977515298812,0.781377170142181,-14.697850743561041,A_asian_range_breakout,AUDUSD
1.0,2.0,OOS,177,-0.050104227822589324,0.53861110599837,-8.86844832459831,A_asian_range_breakout,AUDUSD
1.0,3.0,pre_OOS,723,-0.027719624964148745,0.7146880365590316,-20.041288849079542,A_asian_range_breakout,AUDUSD
1.0,3.0,OOS,177,-0.059678799580389304,0.47877170173184747,-10.563147525728906,A_asian_range_breakout,AUDUSD
1.5,1.0,pre_OOS,722,-0.01940964369420574,0.7901152474031196,-14.013762747216543,A_asian_range_breakout,AUDUSD
1.5,1.0,OOS,177,-0.04770859019293811,0.5546815710394946,-8.444420464150046,A_asian_range_breakout,AUDUSD
1.5,2.0,pre_OOS,722,-0.026801060008461768,0.7226013017898787,-19.350365326109397,A_asian_range_breakout,AUDUSD
1.5,2.0,OOS,177,-0.05728271371591032,0.49312685338833673,-10.139040327716128,A_asian_range_breakout,AUDUSD
1.5,3.0,pre_OOS,722,-0.034192476322745156,0.6610936280502366,-24.686967905022,A_asian_range_breakout,AUDUSD
1.5,3.0,OOS,177,-0.06685683723891794,0.4379863803420894,-11.833660191288477,A_asian_range_breakout,AUDUSD
2.0,1.0,pre_OOS,722,-0.026197534856154975,0.7278858472614382,-18.91462016614389,A_asian_range_breakout,AUDUSD
2.0,1.0,OOS,177,-0.05488295562911395,0.5078950632173296,-9.71428314635317,A_asian_range_breakout,AUDUSD
2.0,2.0,pre_OOS,722,-0.03358375388822844,0.6659395924637241,-24.247470307300937,A_asian_range_breakout,AUDUSD
2.0,2.0,OOS,177,-0.0644560943688665,0.45122747802442326,-11.40872870328937,A_asian_range_breakout,AUDUSD
2.0,3.0,pre_OOS,722,-0.040969972920329265,0.609380566759139,-29.58032044847773,A_asian_range_breakout,AUDUSD
2.0,3.0,OOS,177,-0.07402923310865446,0.4004360380358986,-13.10317426023184,A_asian_range_breakout,AUDUSD
1.0,1.0,pre_OOS,344,-0.05925854982873832,0.8056609971327029,-20.38494114108598,B_asian_failed_breakout,AUDUSD
1.0,1.0,OOS,76,-0.025087118410248705,0.9211415096593807,-1.9066209991789016,B_asian_failed_breakout,AUDUSD
1.0,2.0,pre_OOS,344,-0.08839584392447489,0.7260382074422456,-30.40817031001936,B_asian_failed_breakout,AUDUSD
1.0,2.0,OOS,76,-0.06233776432659747,0.8186981957374636,-4.737670088821408,B_asian_failed_breakout,AUDUSD
1.0,3.0,pre_OOS,344,-0.11753313802031928,0.6553723258336523,-40.43139947898983,B_asian_failed_breakout,AUDUSD
1.0,3.0,OOS,76,-0.09958841024308407,0.7308633339005234,-7.568719178474389,B_asian_failed_breakout,AUDUSD
1.5,1.0,pre_OOS,342,-0.09583413125486911,0.7047918053985949,-32.77527288916524,B_asian_failed_breakout,AUDUSD
1.5,1.0,OOS,76,-0.04835152150880915,0.8528244578646563,-3.674715634669495,B_asian_failed_breakout,AUDUSD
1.5,2.0,pre_OOS,342,-0.12470888911019283,0.6361011827279351,-42.65044007568595,B_asian_failed_breakout,AUDUSD
1.5,2.0,OOS,76,-0.08497990274531753,0.760124179879741,-6.458472608644132,B_asian_failed_breakout,AUDUSD
1.5,3.0,pre_OOS,342,-0.1535836469656234,0.5751074994271098,-52.525607262243206,B_asian_failed_breakout,AUDUSD
1.5,3.0,OOS,76,-0.12160828398196143,0.6799806133418873,-9.242229582629069,B_asian_failed_breakout,AUDUSD
2.0,1.0,pre_OOS,339,-0.11682914714288885,0.6477585970032637,-39.60508088143932,B_asian_failed_breakout,AUDUSD
2.0,1.0,OOS,76,-0.07728417746657035,0.7720550753001969,-5.873597487459346,B_asian_failed_breakout,AUDUSD
2.0,2.0,pre_OOS,339,-0.14528173824696,0.5849971443150231,-49.250509265719444,B_asian_failed_breakout,AUDUSD
2.0,2.0,OOS,76,-0.11353700100475586,0.6883776924767119,-8.628812076361445,B_asian_failed_breakout,AUDUSD
2.0,3.0,pre_OOS,339,-0.17373432935113647,0.5291614630155861,-58.895937650035265,B_asian_failed_breakout,AUDUSD
2.0,3.0,OOS,76,-0.14978982454307554,0.61556453093037,-11.38402666527374,B_asian_failed_breakout,AUDUSD
1.0,1.0,pre_OOS,664,-0.011448960541765675,0.8632513430270483,-7.602109799732408,A_asian_range_breakout,NZDUSD
1.0,1.0,OOS,170,-0.03842786333420384,0.618474992415046,-6.5327367668146525,A_asian_range_breakout,NZDUSD
1.0,2.0,pre_OOS,664,-0.022018331757483866,0.7540942681368117,-14.620172286969286,A_asian_range_breakout,NZDUSD
1.0,2.0,OOS,170,-0.05240693351338095,0.5198106092670434,-8.909178697274761,A_asian_range_breakout,NZDUSD
1.0,3.0,pre_OOS,664,-0.032587702973231394,0.6590752622765378,-21.638234774225648,A_asian_range_breakout,NZDUSD
1.0,3.0,OOS,170,-0.06638600369259688,0.43711888617686095,-11.28562062774147,A_asian_range_breakout,NZDUSD
1.5,1.0,pre_OOS,660,-0.020970293762338027,0.7643844229467974,-13.840393883143097,A_asian_range_breakout,NZDUSD
1.5,1.0,OOS,170,-0.05241390370119862,0.519847109640219,-8.910363629203765,A_asian_range_breakout,NZDUSD
1.5,2.0,pre_OOS,660,-0.03154947271221809,0.6680116628777251,-20.82265199006394,A_asian_range_breakout,NZDUSD
1.5,2.0,OOS,170,-0.06639633553790401,0.4371345299409565,-11.287377041443683,A_asian_range_breakout,NZDUSD
1.5,3.0,pre_OOS,660,-0.04212865166212752,0.5840741760944822,-27.804910097004164,A_asian_range_breakout,NZDUSD
1.5,3.0,OOS,170,-0.08037876737464825,0.36882827056856443,-13.664390453690201,A_asian_range_breakout,NZDUSD
2.0,1.0,pre_OOS,653,-0.03068798531881169,0.6762993247275784,-20.039254413184032,A_asian_range_breakout,NZDUSD
2.0,1.0,OOS,168,-0.06601293066393958,0.4374896155235645,-11.090172351541849,A_asian_range_breakout,NZDUSD
2.0,2.0,pre_OOS,653,-0.04123984277836408,0.5916473425690807,-26.929617334271747,A_asian_range_breakout,NZDUSD
2.0,2.0,OOS,168,-0.07994651017672709,0.3692302252076999,-13.43101370969015,A_asian_range_breakout,NZDUSD
2.0,3.0,pre_OOS,653,-0.05179170023794576,0.5179371058237369,-33.81998025537858,A_asian_range_breakout,NZDUSD
2.0,3.0,OOS,168,-0.09388008968955328,0.312706145872963,-15.771855067844951,A_asian_range_breakout,NZDUSD
1.0,1.0,pre_OOS,258,-0.17235420573956348,0.5514902502721328,-44.467385080807375,B_asian_failed_breakout,NZDUSD
1.0,1.0,OOS,65,-0.20843146042789343,0.5019821772378044,-13.548044927813073,B_asian_failed_breakout,NZDUSD
1.0,2.0,pre_OOS,258,-0.21489366052556896,0.47864535910464256,-55.44256441559679,B_asian_failed_breakout,NZDUSD
1.0,2.0,OOS,65,-0.2643058232818801,0.42261958624566337,-17.17987851332221,B_asian_failed_breakout,NZDUSD
1.0,3.0,pre_OOS,258,-0.2574331153116925,0.4161615584812056,-66.41774375041666,B_asian_failed_breakout,NZDUSD
1.0,3.0,OOS,65,-0.320180186136022,0.35751189146807455,-20.81171209884143,B_asian_failed_breakout,NZDUSD
1.5,1.0,pre_OOS,259,-0.201427929214364,0.4912963848695302,-52.169833666520276,B_asian_failed_breakout,NZDUSD
1.5,1.0,OOS,65,-0.25635436660459754,0.4135076382851783,-16.66303382929884,B_asian_failed_breakout,NZDUSD
1.5,2.0,pre_OOS,259,-0.2430132509412424,0.4269177178853125,-62.940431993781786,B_asian_failed_breakout,NZDUSD
1.5,2.0,OOS,65,-0.31105830479179086,0.34727489904362085,-20.218789811466404,B_asian_failed_breakout,NZDUSD
1.5,3.0,pre_OOS,259,-0.2845985726682362,0.37141227160896567,-73.71103032107317,B_asian_failed_breakout,NZDUSD
1.5,3.0,OOS,65,-0.36576224297913607,0.2920294602605378,-23.774545793643846,B_asian_failed_breakout,NZDUSD
2.0,1.0,pre_OOS,254,-0.2193454483139775,0.46168369140935,-55.71374387175029,B_asian_failed_breakout,NZDUSD
2.0,1.0,OOS,64,-0.31593141083757037,0.3160882110348125,-20.219610293604504,B_asian_failed_breakout,NZDUSD
2.0,2.0,pre_OOS,254,-0.2598996666965781,0.4024173032580507,-66.01451534093084,B_asian_failed_breakout,NZDUSD
2.0,2.0,OOS,64,-0.3697028757024342,0.26271011878434836,-23.66098404495579,B_asian_failed_breakout,NZDUSD
2.0,3.0,pre_OOS,254,-0.30045388507929127,0.3519363088505113,-76.31528681013998,B_asian_failed_breakout,NZDUSD
2.0,3.0,OOS,64,-0.42347434056744737,0.2201543321361002,-27.102357796316632,B_asian_failed_breakout,NZDUSD
1.0,1.0,pre_OOS,509,0.03775856950901183,1.1223158405043723,19.219111880087024,A_asian_range_breakout,EURJPY
1.0,1.0,OOS,151,-0.032859871499353994,0.9020910775445632,-4.961840596402453,A_asian_range_breakout,EURJPY
1.0,2.0,pre_OOS,509,0.01995146319999885,1.0627116844948188,10.155294768799415,A_asian_range_breakout,EURJPY
1.0,2.0,OOS,151,-0.05355700140455653,0.846153974889963,-8.087107212088036,A_asian_range_breakout,EURJPY
1.0,3.0,pre_OOS,509,0.0021443568911118484,1.0065397036830321,1.0914776575759308,A_asian_range_breakout,EURJPY
1.0,3.0,OOS,151,-0.07425413130961196,0.794141843388968,-11.212373827751406,A_asian_range_breakout,EURJPY
1.5,1.0,pre_OOS,508,0.010256132374604206,1.0319720987547525,5.210115246298937,A_asian_range_breakout,EURJPY
1.5,1.0,OOS,151,-0.06246774783691493,0.82412197687518,-9.432629923374154,A_asian_range_breakout,EURJPY
1.5,2.0,pre_OOS,508,-0.007543032294731936,0.9771908871690723,-3.8318604057238232,A_asian_range_breakout,EURJPY
1.5,2.0,OOS,151,-0.08316487774211749,0.7738616515784348,-12.55789653905974,A_asian_range_breakout,EURJPY
1.5,3.0,pre_OOS,508,-0.025342196963942153,0.9256363014562934,-12.873836057682613,A_asian_range_breakout,EURJPY
1.5,3.0,OOS,151,-0.1038620076471729,0.7271088431227047,-15.68316315472311,A_asian_range_breakout,EURJPY
2.0,1.0,pre_OOS,505,-0.009314288106826385,0.9714729953007701,-4.703715493947325,A_asian_range_breakout,EURJPY
2.0,1.0,OOS,151,-0.08728419702767924,0.7639956081951061,-13.179913751179566,A_asian_range_breakout,EURJPY
2.0,2.0,pre_OOS,505,-0.02712548703692397,0.9194181413448731,-13.698370953646606,A_asian_range_breakout,EURJPY
2.0,2.0,OOS,151,-0.10798132693288175,0.7178703903622038,-16.305180366865144,A_asian_range_breakout,EURJPY
2.0,3.0,pre_OOS,505,-0.04493668596689554,0.8704942238576524,-22.693026413282247,A_asian_range_breakout,EURJPY
2.0,3.0,OOS,151,-0.1286784568379372,0.6747519751619054,-19.430446982528515,A_asian_range_breakout,EURJPY
1.0,1.0,pre_OOS,203,-0.04867485469269047,0.890718591183308,-9.880995502616166,B_asian_failed_breakout,EURJPY
1.0,1.0,OOS,71,-0.23477527191601474,0.585750203577789,-16.669044306037048,B_asian_failed_breakout,EURJPY
1.0,2.0,pre_OOS,203,-0.07689601178816298,0.8344632210887546,-15.609890392997086,B_asian_failed_breakout,EURJPY
1.0,2.0,OOS,71,-0.26953230674849143,0.5430236898263002,-19.13679377914289,B_asian_failed_breakout,EURJPY
1.0,3.0,pre_OOS,203,-0.10511716888343614,0.7828630733984128,-21.338785283337536,B_asian_failed_breakout,EURJPY
1.0,3.0,OOS,71,-0.30428934158072113,0.5035135895401506,-21.6045432522312,B_asian_failed_breakout,EURJPY
1.5,1.0,pre_OOS,204,-0.07801410449054938,0.8310040123472754,-15.914877316072074,B_asian_failed_breakout,EURJPY
1.5,1.0,OOS,71,-0.2669701315363291,0.5370225746564109,-18.954879339079366,B_asian_failed_breakout,EURJPY
1.5,2.0,pre_OOS,204,-0.10561511424020868,0.7802647729022736,-21.54548330500257,B_asian_failed_breakout,EURJPY
1.5,2.0,OOS,71,-0.3008128207260601,0.49789553290864663,-21.357710271550268,B_asian_failed_breakout,EURJPY
1.5,3.0,pre_OOS,204,-0.13321612398967297,0.7334064707624774,-27.176089293893284,B_asian_failed_breakout,EURJPY
1.5,3.0,OOS,71,-0.3346555099155507,0.46236394067957237,-23.7605412040041,B_asian_failed_breakout,EURJPY
2.0,1.0,pre_OOS,202,-0.12382590833197829,0.7375444066400068,-25.012833483059616,B_asian_failed_breakout,EURJPY
2.0,1.0,OOS,70,-0.31546451776277123,0.464300326240569,-22.082516243393986,B_asian_failed_breakout,EURJPY
2.0,2.0,pre_OOS,202,-0.15112929233229916,0.6920949700211053,-30.528117051124433,B_asian_failed_breakout,EURJPY
2.0,2.0,OOS,70,-0.3485535824627252,0.43043654368802575,-24.398750772390766,B_asian_failed_breakout,EURJPY
2.0,3.0,pre_OOS,202,-0.17843267633242724,0.650075545816081,-36.043400619150304,B_asian_failed_breakout,EURJPY
2.0,3.0,OOS,70,-0.38164264716244417,0.3990345510163635,-26.71498530137109,B_asian_failed_breakout,EURJPY
1.0,1.0,pre_OOS,211,0.034949863629506424,1.1619474904392335,7.374421225825856,A_asian_range_breakout,JP225
1.0,1.0,OOS,53,-0.012283417201342297,0.9460608201027335,-0.6510211116711417,A_asian_range_breakout,JP225
1.0,2.0,pre_OOS,211,0.014149345608635015,1.0623370930891427,2.985511923421988,A_asian_range_breakout,JP225
1.0,2.0,OOS,53,-0.020470307827500627,0.9120431427838019,-1.0849263148575332,A_asian_range_breakout,JP225
1.0,3.0,pre_OOS,211,-0.006651172412236405,0.9720959388024742,-1.4033973789818814,A_asian_range_breakout,JP225
1.0,3.0,OOS,53,-0.028657198453659008,0.8795171165279491,-1.5188315180439274,A_asian_range_breakout,JP225
1.5,1.0,pre_OOS,212,0.0027576085758965123,1.0120357011804737,0.5846130180900606,A_asian_range_breakout,JP225
1.5,1.0,OOS,53,-0.017155529375511482,0.9253519021521389,-0.9092430569021086,A_asian_range_breakout,JP225
1.5,2.0,pre_OOS,212,-0.018184569186750016,0.9244725839833997,-3.855128667591003,A_asian_range_breakout,JP225
1.5,2.0,OOS,53,-0.025409319901409905,0.8918222339863097,-1.346693954774725,A_asian_range_breakout,JP225
1.5,3.0,pre_OOS,212,-0.039126746949396524,0.8450530312788426,-8.294870353272064,A_asian_range_breakout,JP225
1.5,3.0,OOS,53,-0.03366311042730835,0.8597973367689621,-1.7841448526473425,A_asian_range_breakout,JP225
2.0,1.0,pre_OOS,212,-0.022101147077839497,0.9094632354344965,-4.685443180501974,A_asian_range_breakout,JP225
2.0,1.0,OOS,53,-0.020678082489194432,0.910838354363976,-1.0959383719273048,A_asian_range_breakout,JP225
2.0,2.0,pre_OOS,212,-0.04306423526492795,0.8317255320775836,-9.129617876164724,A_asian_range_breakout,JP225
2.0,2.0,OOS,53,-0.028931787801313207,0.8779539599244962,-1.5333847534696,A_asian_range_breakout,JP225
2.0,3.0,pre_OOS,212,-0.06402732345201642,0.7612261633851555,-13.573792571827482,A_asian_range_breakout,JP225
2.0,3.0,OOS,53,-0.0371854931134319,0.8465843416262628,-1.970831135011891,A_asian_range_breakout,JP225
1.0,1.0,pre_OOS,406,-0.12121637311355395,0.7059649402969318,-49.2138474841029,B_asian_failed_breakout,JP225
1.0,1.0,OOS,92,-0.04864884415114893,0.8771731071359976,-4.4756936619057015,B_asian_failed_breakout,JP225
1.0,2.0,pre_OOS,406,-0.1589452153011378,0.63523792701854,-64.53175741226195,B_asian_failed_breakout,JP225
1.0,2.0,OOS,92,-0.06332036716729704,0.8434559413402904,-5.825473779391328,B_asian_failed_breakout,JP225
1.0,3.0,pre_OOS,406,-0.19667405748872163,0.5720781692371666,-79.84966734042098,B_asian_failed_breakout,JP225
1.0,3.0,OOS,92,-0.07799189018344517,0.8111127095655107,-7.1752538968769555,B_asian_failed_breakout,JP225
1.5,1.0,pre_OOS,409,-0.17740047410159943,0.5937539582263713,-72.55679390755417,B_asian_failed_breakout,JP225
1.5,1.0,OOS,92,-0.058188565007863235,0.8549908243663289,-5.353347980723417,B_asian_failed_breakout,JP225
1.5,2.0,pre_OOS,409,-0.21474375496442866,0.533894106389807,-87.83019578045132,B_asian_failed_breakout,JP225
1.5,2.0,OOS,92,-0.07279529314478145,0.8222996037147506,-6.697166969319893,B_asian_failed_breakout,JP225
1.5,3.0,pre_OOS,409,-0.25208703582725783,0.4807137901928425,-103.10359765334846,B_asian_failed_breakout,JP225
1.5,3.0,OOS,92,-0.0874020212816997,0.7909185665649953,-8.040985957916373,B_asian_failed_breakout,JP225
2.0,1.0,pre_OOS,410,-0.2217833533832793,0.510227675098727,-90.93117488714452,B_asian_failed_breakout,JP225
2.0,1.0,OOS,92,-0.05878985508041986,0.8537991133845564,-5.408666667398627,B_asian_failed_breakout,JP225
2.0,2.0,pre_OOS,410,-0.25836495067500737,0.45870551695206424,-105.92962977675302,B_asian_failed_breakout,JP225
2.0,2.0,OOS,92,-0.07332428784258839,0.8213393345050337,-6.745834481518132,B_asian_failed_breakout,JP225
2.0,3.0,pre_OOS,410,-0.29494654796673536,0.41331840722427743,-120.9280846663615,B_asian_failed_breakout,JP225
2.0,3.0,OOS,92,-0.08785872060475693,0.7901761720412807,-8.083002295637638,B_asian_failed_breakout,JP225
1.0,1.0,pre_OOS,944,-0.0027097707096095363,0.9861879166584538,-2.558023549871402,C_tokyo_or_breakout,JP225
1.0,1.0,OOS,236,-0.061255501012410916,0.7256842969648191,-14.456298238928976,C_tokyo_or_breakout,JP225
1.0,2.0,pre_OOS,944,-0.016276598228368258,0.9200066642490502,-15.365108727579635,C_tokyo_or_breakout,JP225
1.0,2.0,OOS,236,-0.06680007513586982,0.7047444286349349,-15.764817732065275,C_tokyo_or_breakout,JP225
1.0,3.0,pre_OOS,944,-0.02984342574712698,0.8584748564193209,-28.17219390528787,C_tokyo_or_breakout,JP225
1.0,3.0,OOS,236,-0.0723446492593287,0.6843421561351504,-17.073337225201573,C_tokyo_or_breakout,JP225
1.5,1.0,pre_OOS,945,-0.01984853518264137,0.9033681659492019,-18.756865747596095,C_tokyo_or_breakout,JP225
1.5,1.0,OOS,236,-0.06364458509364422,0.7164722186373816,-15.020122082100038,C_tokyo_or_breakout,JP225
1.5,2.0,pre_OOS,945,-0.03342869374510802,0.8429489262583303,-31.59011558912708,C_tokyo_or_breakout,JP225
1.5,2.0,OOS,236,-0.06918910260353338,0.695759564393057,-16.328628214433877,C_tokyo_or_breakout,JP225
1.5,3.0,pre_OOS,945,-0.04700885230757467,0.7867477785427429,-44.423365430658066,C_tokyo_or_breakout,JP225
1.5,3.0,OOS,236,-0.07473362011342248,0.6755759660186013,-17.637134346767706,C_tokyo_or_breakout,JP225
2.0,1.0,pre_OOS,946,-0.03580884166215332,0.8327304266798515,-33.87516421239704,C_tokyo_or_breakout,JP225
2.0,1.0,OOS,236,-0.066277848083077,0.7064383560220701,-15.641572147606173,C_tokyo_or_breakout,JP225
2.0,2.0,pre_OOS,946,-0.04939435684095046,0.7771891438489753,-46.72706157153914,C_tokyo_or_breakout,JP225
2.0,2.0,OOS,236,-0.07182230635106887,0.6860129946362489,-16.950064298852254,C_tokyo_or_breakout,JP225
2.0,3.0,pre_OOS,946,-0.06297987201974761,0.7255092178399981,-59.57895893068124,C_tokyo_or_breakout,JP225
2.0,3.0,OOS,236,-0.07736676461906072,0.6661289691587176,-18.258556450098332,C_tokyo_or_breakout,JP225
1.0,1.0,pre_OOS,199,-0.02638496700777814,0.8654043008097501,-5.25060843454785,D_tokyo_or_failed_breakout,JP225
1.0,1.0,OOS,43,-0.07172514030912779,0.7370659281927279,-3.0841810332924946,D_tokyo_or_failed_breakout,JP225
1.0,2.0,pre_OOS,199,-0.0450940889563892,0.7808839212962462,-8.97372370232145,D_tokyo_or_failed_breakout,JP225
1.0,2.0,OOS,43,-0.07934302858850606,0.7144514654376123,-3.4117502293057607,D_tokyo_or_failed_breakout,JP225
1.0,3.0,pre_OOS,199,-0.06380321090500025,0.7044389736827508,-12.696838970095051,D_tokyo_or_failed_breakout,JP225
1.0,3.0,OOS,43,-0.08696091686788433,0.6926481501157481,-3.7393194253190263,D_tokyo_or_failed_breakout,JP225
1.5,1.0,pre_OOS,198,-0.054250414287705044,0.7412046546745901,-10.741582028965599,D_tokyo_or_failed_breakout,JP225
1.5,1.0,OOS,43,-0.07477527966588483,0.7274052316915848,-3.215337025633048,D_tokyo_or_failed_breakout,JP225
1.5,2.0,pre_OOS,198,-0.07266962803929496,0.6693752320049834,-14.3885863517804,D_tokyo_or_failed_breakout,JP225
1.5,2.0,OOS,43,-0.08237427164475492,0.7051431935255218,-3.542093680724461,D_tokyo_or_failed_breakout,JP225
1.5,3.0,pre_OOS,198,-0.09108884179088486,0.6049322939201631,-18.035590674595202,D_tokyo_or_failed_breakout,JP225
1.5,3.0,OOS,43,-0.08997326362362498,0.6836734093359779,-3.8688503358158743,D_tokyo_or_failed_breakout,JP225
2.0,1.0,pre_OOS,198,-0.08376959477118667,0.629540231347997,-16.58637976469496,D_tokyo_or_failed_breakout,JP225
2.0,1.0,OOS,43,-0.07780992551909861,0.7178987296705924,-3.3458267973212403,D_tokyo_or_failed_breakout,JP225
2.0,2.0,pre_OOS,198,-0.10193005746537642,0.5698550714538652,-20.182151378144532,D_tokyo_or_failed_breakout,JP225
2.0,2.0,OOS,43,-0.08539012369576254,0.6959807168627111,-3.6717753189177893,D_tokyo_or_failed_breakout,JP225
2.0,3.0,pre_OOS,198,-0.12009052015956616,0.5159574510301083,-23.7779229915941,D_tokyo_or_failed_breakout,JP225
2.0,3.0,OOS,43,-0.09297032187242649,0.6748366570101814,-3.9977238405143387,D_tokyo_or_failed_breakout,JP225
1.0,1.0,pre_OOS,259,0.003010421826693247,1.0261142001215051,0.7796992531135509,E_tokyo_breakout_vwap,JP225
1.0,1.0,OOS,63,-0.001270382859168192,0.9893143579870414,-0.08003412012759609,E_tokyo_breakout_vwap,JP225
1.0,2.0,pre_OOS,259,-0.007600607689417422,0.9370818080742424,-1.9685573915591124,E_tokyo_breakout_vwap,JP225
1.0,2.0,OOS,63,-0.005558083412146755,0.9542148626919567,-0.3501592549652456,E_tokyo_breakout_vwap,JP225
1.0,3.0,pre_OOS,259,-0.018211637205528097,0.8560288592342669,-4.716814036231777,E_tokyo_breakout_vwap,JP225
1.0,3.0,OOS,63,-0.009845783965125319,0.9205814889575534,-0.620284389802895,E_tokyo_breakout_vwap,JP225
1.5,1.0,pre_OOS,260,-0.01269550349671468,0.8956699031245515,-3.300830909145817,E_tokyo_breakout_vwap,JP225
1.5,1.0,OOS,63,-0.003188387305469823,0.973429979526211,-0.20086840024459884,E_tokyo_breakout_vwap,JP225
1.5,2.0,pre_OOS,260,-0.023327443451611616,0.8169524177819849,-6.06513529741902,E_tokyo_breakout_vwap,JP225
1.5,2.0,OOS,63,-0.007476035993252431,0.9389874931760709,-0.47099026757490314,E_tokyo_breakout_vwap,JP225
1.5,3.0,pre_OOS,260,-0.03395938340650856,0.7454993729662692,-8.829439685692225,E_tokyo_breakout_vwap,JP225
1.5,3.0,OOS,63,-0.011763684681035039,0.9060013065854972,-0.7411121349052074,E_tokyo_breakout_vwap,JP225
2.0,1.0,pre_OOS,259,-0.024664469032575978,0.8071531578323539,-6.388097479437178,E_tokyo_breakout_vwap,JP225
2.0,1.0,OOS,63,-0.005106347458885246,0.9578434763925643,-0.3216998899097705,E_tokyo_breakout_vwap,JP225
2.0,2.0,pre_OOS,259,-0.03528460926486063,0.7366352713701041,-9.138713799598902,E_tokyo_breakout_vwap,JP225
2.0,2.0,OOS,63,-0.009393941928574717,0.924062771951125,-0.5918183415002072,E_tokyo_breakout_vwap,JP225
2.0,3.0,pre_OOS,259,-0.045904749497145285,0.6729031875131711,-11.88933011976063,E_tokyo_breakout_vwap,JP225
2.0,3.0,OOS,63,-0.013681536398264181,0.8916923924323755,-0.8619367930906434,E_tokyo_breakout_vwap,JP225
