Strategy,Asset,Timeframe,Trades (OOS),Win Rate (OOS),PF (OOS),Expectancy R (OOS),Expectancy R (pre-OOS),"Net Return % (todo, 0.5%)",Max DD % (todo),Sharpe,Sortino,Average R,Best parameter region,Worst parameter region,Veredicto,Flags
A_asian_range_breakout,JP225,M1 ejecución / M5 señal,53,0.41509433962264153,0.9460608201027335,-0.012283417201342297,0.03494986362950643,3.299377334876641,3.8690638910712014,0.30165585555385693,0.49016741240210815,0.025467424674828456,"buffer_atr=0.1, sl=atr_1.25, tp=r_2.0, rf=btw_0.50_1.50","buffer_atr=0.025, sl=range_0.50, tp=r_0.5, rf=none",SIN VENTAJA: se degrada fuera de muestra,
A_asian_range_breakout,EURJPY,M1 ejecución / M5 señal,151,0.4304635761589404,0.9020910775445632,-0.032859871499353994,0.03775856950901183,6.125480109851389,6.853824455814412,0.2739598935122861,0.4255532829819466,0.021601926187400856,"buffer_atr=0.1, sl=atr_0.50, tp=r_3.0, rf=gt_0.25","buffer_atr=0.0, sl=range_0.50, tp=r_0.5, rf=none",SIN VENTAJA: se degrada fuera de muestra,FRÁGIL: sólo 50% de ventanas WF positivas
C_tokyo_or_breakout,USDJPY,M1 ejecución / M5 señal,269,0.4944237918215613,0.8976446782262478,-0.016242324310508875,0.007066589299305107,0.7511591263675621,4.59081003348001,0.06630205357237165,0.09736870724089046,0.002387411865693198,"buffer_atr=0.0, or_minutes=5, sl=atr_1.00, tp=r_2.0","buffer_atr=0.1, or_minutes=30, sl=or_opposite, tp=r_1.0",SIN VENTAJA: se degrada fuera de muestra,FRÁGIL: 84% del beneficio pre-OOS en un solo año; sólo 50% de ventanas WF positivas
E_tokyo_breakout_vwap,USDJPY,M1 ejecución / M5 señal,184,0.5,0.8633483174586267,-0.033061629080203395,0.032509531525824295,8.557228034011377,8.375062806316933,0.41069195114628265,0.6608019390534123,0.019236601326144326,"buffer_atr=0.05, sl=range_opposite, tp=r_2.0, vwap_filter=False","buffer_atr=0.0, sl=atr_1.00, tp=r_1.0, vwap_filter=True",SIN VENTAJA: se degrada fuera de muestra,FRÁGIL: 59% del beneficio pre-OOS en un solo año; sólo 50% de ventanas WF positivas
E_tokyo_breakout_vwap,JP225,M1 ejecución / M5 señal,63,0.4444444444444444,0.9893143579870414,-0.001270382859168192,0.0030104218266932513,0.3088164959627937,2.2576479023388396,0.052624817945890585,0.0821810015590186,0.0021728730838073153,"buffer_atr=0.05, sl=atr_1.00, tp=trail_atr_1.0, vwap_filter=True, rf=gt_0.50","buffer_atr=0.0, sl=range_opposite, tp=r_1.0, vwap_filter=False, rf=none",SIN VENTAJA: se degrada fuera de muestra,"FRÁGIL: 65% del beneficio pre-OOS en un solo año; sólo 25% de ventanas WF positivas NO ROBUSTA: expectancy <= 0 con spread x1.5/slip x1, spread x1/slip x2"
A_asian_range_breakout,USDJPY,M1 ejecución / M5 señal,162,0.5308641975308642,0.8793815660807494,-0.0531592869366219,0.04667474728161687,9.69277005443625,12.553643201450637,0.3175316136813344,0.4858122396956525,0.02615049151593833,"buffer_atr=0.05, sl=atr_1.00, tp=r_3.0, rf=gt_0.25","buffer_atr=0.1, sl=range_0.50, tp=r_0.5, rf=none",SIN VENTAJA: se degrada fuera de muestra,FRÁGIL: sólo 50% de ventanas WF positivas
D_tokyo_or_failed_breakout,USDJPY,M1 ejecución / M5 señal,69,0.6521739130434783,0.548646956443771,-0.13028653789839584,0.00825766774118962,-3.2867732432398267,6.0300417584596575,-0.32277975495519623,-0.3781221069278198,-0.020710666165269166,"exit=tp2_opposite, min_sweep_atr=0.2, or_minutes=15, stop_buffer_atr=0.1","exit=split_mid_opposite, min_sweep_atr=0.0, or_minutes=60, stop_buffer_atr=0.0",SIN VENTAJA: se degrada fuera de muestra,"FRÁGIL: 58% del beneficio pre-OOS en un solo año; sólo 50% de ventanas WF positivas; menos de la mitad de los vecinos de parámetros son positivos NO ROBUSTA: expectancy <= 0 con spread x1.5/slip x1, spread x1/slip x2"
E_tokyo_breakout_vwap,AUDJPY,M1 ejecución / M5 señal,40,0.3,0.5394126389126059,-0.0840106001889533,0.03867304610050445,1.251352810835482,3.7736295511848046,0.21445879366400653,0.3296077705985867,0.014258390122502903,"buffer_atr=0.0, sl=atr_0.75, tp=r_2.0, vwap_filter=False, rf=gt_0.50","buffer_atr=0.05, sl=atr_1.00, tp=r_1.0, vwap_filter=True, rf=none",SIN VENTAJA: se degrada fuera de muestra,FRÁGIL: 53% del beneficio pre-OOS en un solo año; sólo 50% de ventanas WF positivas
A_asian_range_breakout,AUDJPY,M1 ejecución / M5 señal,41,0.2926829268292683,0.6932846366052036,-0.08493237597481719,0.05400128055983536,2.4276033222979,7.639874606429651,0.2170259654149715,0.350413019750326,0.025801875025574194,"buffer_atr=0.0, sl=atr_0.75, tp=r_3.0, rf=gt_0.50","buffer_atr=0.1, sl=range_0.50, tp=r_0.5, rf=none",SIN VENTAJA: se degrada fuera de muestra,FRÁGIL: 65% del beneficio pre-OOS en un solo año; sólo 50% de ventanas WF positivas
A_asian_range_breakout,NZDUSD,M1 ejecución / M5 señal,170,0.40588235294117647,0.618474992415046,-0.03842786333420384,-0.011448960541765675,-6.456429068331094,7.734459607626541,-1.0116831221529285,-1.3439983528513275,-0.016948257274037242,"buffer_atr=0.0, sl=atr_1.25, tp=trail_atr_1.0, rf=gt_0.25","buffer_atr=0.1, sl=range_0.50, tp=r_1.5, rf=none",FRÁGIL,"FRÁGIL: 95% del beneficio pre-OOS en un solo año; sólo 0% de ventanas WF positivas; menos de la mitad de los vecinos de parámetros son positivos NO ROBUSTA: expectancy <= 0 con spread x1.5/slip x1, spread x1/slip x2"
A_asian_range_breakout,XAUUSD,M1 ejecución / M5 señal,386,0.5077720207253886,1.1826218229473486,0.012492978239243844,-0.014548676487496205,-8.87669387128619,9.444820170185027,-1.0651975814662058,-1.4227110278028643,-0.014478764190886742,"buffer_atr=0.0, sl=atr_1.25, tp=r_0.5, rf=none","buffer_atr=0.025, sl=range_0.50, tp=r_3.0, rf=gt_0.25",FRÁGIL,"FRÁGIL: sólo 27% de ventanas WF positivas; menos de la mitad de los vecinos de parámetros son positivos NO ROBUSTA: expectancy <= 0 con spread x1.5/slip x1, spread x1/slip x2"
C_tokyo_or_breakout,XAUUSD,M1 ejecución / M5 señal,485,0.5319587628865979,1.01533721219851,0.0022274638322460575,-0.01638009519633137,-9.771085357018894,11.323131058679756,-0.5666059555202428,-0.7894964222765202,-0.014446502031210973,"buffer_atr=0.0, or_minutes=5, sl=atr_1.00, tp=r_1.0","buffer_atr=0.1, or_minutes=30, sl=or_opposite, tp=r_3.0",FRÁGIL,"FRÁGIL: 100% del beneficio pre-OOS en un solo año; sólo 9% de ventanas WF positivas; menos de la mitad de los vecinos de parámetros son positivos NO ROBUSTA: expectancy <= 0 con spread x1.5/slip x1, spread x1/slip x2"
A_asian_range_breakout,AUDUSD,M1 ejecución / M5 señal,177,0.4067796610169492,0.6058616989730123,-0.04052965606482476,-0.012938330066476222,-7.335854799819696,8.230107202654324,-1.0598910406663664,-1.4358818175135504,-0.01836462417948477,"buffer_atr=0.0, sl=atr_1.25, tp=r_3.0, rf=gt_0.25","buffer_atr=0.1, sl=range_0.50, tp=r_0.5, rf=none",FRÁGIL,"FRÁGIL: 100% del beneficio pre-OOS en un solo año; sólo 0% de ventanas WF positivas; menos de la mitad de los vecinos de parámetros son positivos NO ROBUSTA: expectancy <= 0 con spread x1.5/slip x1, spread x1/slip x2"
D_tokyo_or_failed_breakout,AUDJPY,M1 ejecución / M5 señal,59,0.6949152542372882,0.8199245183826507,-0.044840838035064466,-0.024121152201093222,-4.688969280430633,7.856653953901997,-0.4196574265619727,-0.49795734353303944,-0.027613899241676947,"exit=tp2_opposite, min_sweep_atr=0.2, or_minutes=5, stop_buffer_atr=0.1","exit=split_mid_opposite, min_sweep_atr=0.0, or_minutes=15, stop_buffer_atr=0.0",FRÁGIL,"FRÁGIL: 51% del beneficio pre-OOS en un solo año; sólo 0% de ventanas WF positivas; menos de la mitad de los vecinos de parámetros son positivos NO ROBUSTA: expectancy <= 0 con spread x1.5/slip x1, spread x1/slip x2"
D_tokyo_or_failed_breakout,JP225,M1 ejecución / M5 señal,43,0.5116279069767442,0.7370659281927279,-0.07172514030912779,-0.026384967007778145,-4.149191846757527,6.396656324801171,-0.48205597552567436,-0.5808092067159777,-0.03444127879272871,"exit=tp1_mid, min_sweep_atr=0.2, or_minutes=15, stop_buffer_atr=0.1","exit=tp2_opposite, min_sweep_atr=0.0, or_minutes=30, stop_buffer_atr=0.0",FRÁGIL,"FRÁGIL: 100% del beneficio pre-OOS en un solo año; sólo 0% de ventanas WF positivas; menos de la mitad de los vecinos de parámetros son positivos NO ROBUSTA: expectancy <= 0 con spread x1.5/slip x1, spread x1/slip x2"
C_tokyo_or_breakout,JP225,M1 ejecución / M5 señal,236,0.461864406779661,0.7256842969648191,-0.061255501012410916,-0.002709770709609538,-8.511817815331547,14.194342815641333,-0.4036866061706459,-0.5847918074196067,-0.014418916770169817,"buffer_atr=0.1, or_minutes=30, sl=atr_1.00, tp=r_2.0","buffer_atr=0.0, or_minutes=5, sl=or_opposite, tp=r_1.0",SIN VENTAJA: se degrada fuera de muestra,"FRÁGIL: sólo 50% de ventanas WF positivas NO ROBUSTA: expectancy <= 0 con spread x1.5/slip x1, spread x1/slip x2"
D_tokyo_or_failed_breakout,XAUUSD,M1 ejecución / M5 señal,85,0.4588235294117647,0.5767113933323043,-0.1195566790158388,-0.022023646187504853,-5.796948326314666,7.28032031405194,-0.49050924268792223,-0.5870429997353098,-0.03535308702783029,"exit=tp2_opposite, min_sweep_atr=0.2, or_minutes=60, stop_buffer_atr=0.1","exit=split_mid_opposite, min_sweep_atr=0.0, or_minutes=5, stop_buffer_atr=0.0",FRÁGIL,"FRÁGIL: sólo 27% de ventanas WF positivas; menos de la mitad de los vecinos de parámetros son positivos NO ROBUSTA: expectancy <= 0 con spread x1.5/slip x1, spread x1/slip x2"
C_tokyo_or_breakout,AUDJPY,M1 ejecución / M5 señal,228,0.4692982456140351,0.7175085167620369,-0.04428147316397755,-0.012550928263733819,-10.074550032438124,10.956772976203439,-0.7579785436704377,-1.069924392019248,-0.01881462024404167,"buffer_atr=0.1, or_minutes=60, sl=atr_1.00, tp=r_2.0","buffer_atr=0.025, or_minutes=5, sl=or_opposite, tp=r_1.0",SIN VENTAJA: se degrada fuera de muestra,"FRÁGIL: 100% del beneficio pre-OOS en un solo año; sólo 25% de ventanas WF positivas NO ROBUSTA: expectancy <= 0 con spread x1.5/slip x1, spread x1/slip x2"
B_asian_failed_breakout,AUDUSD,M1 ejecución / M5 señal,76,0.42105263157894735,0.9211415096593807,-0.025087118410248705,-0.05925854982873832,-10.548603548126467,14.58367937893227,-0.6639741946744113,-0.9351520733808868,-0.05307514795301164,"exit=tp2_opposite, min_sweep_atr=0.1, stop_buffer_atr=0.1, rf=none","exit=split_mid_opposite, min_sweep_atr=0.0, stop_buffer_atr=0.0, rf=gt_0.25",FRÁGIL,"FRÁGIL: 60% del beneficio pre-OOS en un solo año; sólo 0% de ventanas WF positivas; menos de la mitad de los vecinos de parámetros son positivos NO ROBUSTA: expectancy <= 0 con spread x1.5/slip x1, spread x1/slip x2"
B_asian_failed_breakout,EURJPY,M1 ejecución / M5 señal,71,0.38028169014084506,0.585750203577789,-0.23477527191601474,-0.04867485469269046,-12.759862286020418,15.407184836589604,-0.7460909981386272,-1.0591286020739532,-0.09689795550603361,"exit=tp1_mid, min_sweep_atr=0.1, stop_buffer_atr=0.1, rf=none","exit=split_mid_opposite, min_sweep_atr=0.0, stop_buffer_atr=0.0, rf=gt_0.25",FRÁGIL,"FRÁGIL: 57% del beneficio pre-OOS en un solo año; sólo 25% de ventanas WF positivas; menos de la mitad de los vecinos de parámetros son positivos NO ROBUSTA: expectancy <= 0 con spread x1.5/slip x1, spread x1/slip x2"
B_asian_failed_breakout,XAUUSD,M1 ejecución / M5 señal,97,0.4020618556701031,0.5547642848579999,-0.13791752287793868,-0.08480065700599158,-14.131720854548234,15.058460854548139,-0.827975398989803,-1.1075305294829214,-0.09600816546205167,"exit=tp2_opposite, min_sweep_atr=0.1, stop_buffer_atr=0.1, rf=gt_0.25","exit=tp1_mid, min_sweep_atr=0.0, stop_buffer_atr=0.0, rf=none",FRÁGIL,"FRÁGIL: 100% del beneficio pre-OOS en un solo año; sólo 18% de ventanas WF positivas; menos de la mitad de los vecinos de parámetros son positivos NO ROBUSTA: expectancy <= 0 con spread x1.5/slip x1, spread x1/slip x2"
B_asian_failed_breakout,JP225,M1 ejecución / M5 señal,92,0.4891304347826087,0.8771731071359976,-0.04864884415114893,-0.12121637311355395,-23.861066909050223,24.24634025001738,-1.283410476734254,-1.6779802495719167,-0.10781032358636267,"exit=tp1_mid, min_sweep_atr=0.1, stop_buffer_atr=0.1, rf=none","exit=tp2_opposite, min_sweep_atr=0.0, stop_buffer_atr=0.0, rf=gt_0.50",FRÁGIL,"FRÁGIL: sólo 50% de ventanas WF positivas; menos de la mitad de los vecinos de parámetros son positivos NO ROBUSTA: expectancy <= 0 con spread x1.5/slip x1, spread x1/slip x2"
B_asian_failed_breakout,AUDJPY,M1 ejecución / M5 señal,77,0.4935064935064935,0.6586336842538226,-0.1158865604616171,-0.12735295773409006,-22.783728634883225,23.382105280450144,-1.734649513122954,-2.062974498514585,-0.1252305717004833,"exit=tp1_mid, min_sweep_atr=0.1, stop_buffer_atr=0.1, rf=none","exit=tp2_opposite, min_sweep_atr=0.0, stop_buffer_atr=0.0, rf=gt_0.50",FRÁGIL,"FRÁGIL: sólo 25% de ventanas WF positivas; menos de la mitad de los vecinos de parámetros son positivos NO ROBUSTA: expectancy <= 0 con spread x1.5/slip x1, spread x1/slip x2"
B_asian_failed_breakout,USDJPY,M1 ejecución / M5 señal,144,0.4583333333333333,0.592645258309779,-0.19977725842631713,-0.106977430166767,-35.20475012162878,36.40800498271831,-1.5316071359702075,-2.0832584681185735,-0.12651423611614598,"exit=tp1_mid, min_sweep_atr=0.1, stop_buffer_atr=0.05, rf=none","exit=split_mid_opposite, min_sweep_atr=0.0, stop_buffer_atr=0.0, rf=gt_0.25",FRÁGIL,"FRÁGIL: sólo 0% de ventanas WF positivas; menos de la mitad de los vecinos de parámetros son positivos NO ROBUSTA: expectancy <= 0 con spread x1.5/slip x1, spread x1/slip x2"
B_asian_failed_breakout,NZDUSD,M1 ejecución / M5 señal,65,0.35384615384615387,0.5019821772378044,-0.20843146042789343,-0.17235420573956345,-24.882881634057952,25.11288163405794,-1.986364120654353,-2.4239799669182736,-0.17961433439201377,"exit=tp2_opposite, min_sweep_atr=0.1, stop_buffer_atr=0.1, rf=none","exit=tp1_mid, min_sweep_atr=0.0, stop_buffer_atr=0.0, rf=gt_0.25",FRÁGIL,"FRÁGIL: sólo 0% de ventanas WF positivas; menos de la mitad de los vecinos de parámetros son positivos NO ROBUSTA: expectancy <= 0 con spread x1.5/slip x1, spread x1/slip x2"
