strategy,symbol,sizing,trades,win_rate,net_profit,net_return_pct,gross_profit,gross_loss,profit_factor,expectancy_usd,average_trade,average_winner,average_loser,average_R,max_dd_pct,max_dd_usd,avg_dd_pct,sharpe,sortino,recovery_factor,max_consec_losses,max_consec_wins,cagr_pct,calmar,skipped_unsizable
A_asian_range_breakout,JP225,riesgo 0.25%,264,0.4621212121212121,166.47702699494948,1.6647702699494893,1617.7759027687732,1451.2988757738244,1.114708989150277,0.6305947992232901,0.6305947992232901,13.260458219416174,-10.220414618125524,0.025467424674828456,1.9473235792254535,196.19530501994086,1.0103443005371655,0.30158066070285594,0.490034386640395,0.8485270683619525,9,8,0.3195844234744172,0.1641146992127172,0
A_asian_range_breakout,JP225,riesgo 0.5%,264,0.4621212121212121,329.93773348766445,3.299377334876641,3256.919329524209,2926.981596036544,1.1127228589118692,1.2497641419987326,1.2497641419987326,26.696060078067287,-20.612546450961577,0.025467424674828456,3.8690638910712014,392.7338537886335,2.0102891244809613,0.30165585555385693,0.49016741240210815,0.8401051508669648,9,8,0.6292966478227857,0.16264829569628964,0
A_asian_range_breakout,JP225,riesgo 1.0%,264,0.4621212121212121,646.0996034462423,6.460996034462418,6592.40699587489,5946.307392428648,1.108655600998514,2.4473469827509144,2.4473469827509144,54.03612291700729,-41.87540417203273,0.025467424674828456,7.634372999742678,786.5488987937733,3.978062654145952,0.30159082786302205,0.490054645269232,0.8214360282457713,9,8,1.217283374854139,0.15944772084035824,0
A_asian_range_breakout,JP225,lote fijo 0.1,264,0.4621212121212121,0.8442909662589955,0.008442909662598197,16.57507646401813,15.730785497759937,1.0536712528677237,0.003198071841887096,0.003198071841887096,0.1358612824919519,-0.1107801795616897,0.025467424674828456,0.028968677685274603,2.897665049700663,0.0116187807594395,0.12682280941098292,0.19618729046438044,0.29136941357187335,9,8,0.0016315702314084746,0.056321874582416186,0
A_asian_range_breakout,EURJPY,riesgo 0.25%,660,0.4772727272727273,299.38823871078966,2.9938823871078935,5300.117937301182,5000.729698590392,1.0598689104902392,0.4536185435011969,0.4536185435011969,16.82577122952756,-14.537004937762768,0.021601926187400856,3.5603775633407033,375.58226218001255,0.7054864143137057,0.2680523968918664,0.41606690197565926,0.7971309320441126,10,6,0.5717158229815889,0.16057730193231184,0
A_asian_range_breakout,EURJPY,riesgo 0.5%,660,0.4772727272727273,612.5480109851378,6.125480109851389,11266.668630955102,10654.120619969966,1.0574940000056863,0.9281030469471768,0.9281030469471768,35.76720200303207,-30.971280872005718,0.021601926187400856,6.853824455814412,761.2882850635106,1.680119526391842,0.2739598935122861,0.4255532829819466,0.8046203035083299,10,6,1.1555587437069637,0.16860057492815567,0
A_asian_range_breakout,EURJPY,riesgo 1.0%,660,0.4772727272727273,1232.2219470265827,12.322219470265816,24137.866074335874,22905.644127309293,1.0537955597396829,1.867002950040272,1.867002950040272,76.62814626773293,-66.5861747886898,0.021601926187400856,13.543719643787744,1669.5543003689127,3.358870212896102,0.2867551576214593,0.4464120833932966,0.7380544297087582,10,6,2.2710446864883993,0.16768249389524878,0
A_asian_range_breakout,EURJPY,lote fijo 0.1,660,0.4772727272727273,536.7590193419837,5.367590193419836,7639.141071165392,7102.382051823409,1.075574506612775,0.8132712414272465,0.8132712414272465,24.251241495763146,-20.646459452975026,0.021601926187400856,4.325204521694674,467.5700174477897,1.0109883016759846,0.3162768620198321,0.5019770373634567,1.1479757027019377,10,6,1.0155486691409532,0.23479783766226328,0
C_tokyo_or_breakout,USDJPY,riesgo 0.25%,1340,0.49328358208955225,7.99895204234781,0.07998952042347351,3887.165269030792,3879.166316988445,1.002062028639328,0.005969367195781544,0.005969367195781544,5.880734143768218,-5.7130579042539695,0.002387411865693198,2.2118408137932937,225.54750958206387,0.43086229382710217,0.020779556520244866,0.030331055722838063,0.03546459926411844,13,10,0.015453306929069655,0.0069866270812533405,0
C_tokyo_or_breakout,USDJPY,riesgo 0.5%,1340,0.49328358208955225,75.11591263675655,0.7511591263675621,8731.030772097081,8655.914859460323,1.0086779865394195,0.056056651221460384,0.056056651221460384,13.208821137817067,-12.748033666362772,0.002387411865693198,4.59081003348001,481.0884367575636,0.9638893731599272,0.06630205357237165,0.09736870724089046,0.15613743107820724,13,10,0.14472661682816135,0.031525289823080095,0
C_tokyo_or_breakout,USDJPY,riesgo 1.0%,1340,0.49328358208955225,162.44828409558613,1.6244828409558654,18336.176069353645,18173.727785258063,1.008938633064998,0.1212300627578998,0.1212300627578998,27.740054567857253,-26.765431200674612,0.002387411865693198,8.872948423527562,966.194639092173,2.0255256574198484,0.08326958614104712,0.12245799753553013,0.16813204868143436,13,10,0.3119005068076719,0.03515184490204346,0
C_tokyo_or_breakout,USDJPY,lote fijo 0.1,1340,0.49328358208955225,255.97187231349926,2.559718723134985,16424.796762850416,16168.824890536916,1.015831198250116,0.19102378530858172,0.19102378530858172,24.848406600378844,-23.812702342469684,0.002387411865693198,10.07681923468834,1043.9658850162741,2.0019538021561734,0.11591082062127633,0.17099774866838055,0.24519179791924808,13,10,0.4896455184501436,0.04859127737099747,0
E_tokyo_breakout_vwap,USDJPY,riesgo 0.25%,909,0.49174917491749176,438.62097657553204,4.386209765755322,5314.682721776661,4876.061745201129,1.0899539422377515,0.48253132736582155,0.48253132736582155,11.88967051851602,-10.554246201734045,0.019236601326144326,4.196842232171913,451.75288012464625,0.5795292781810886,0.433439818916247,0.6972305706390347,0.9709312234036208,8,9,0.8330394772938732,0.19849196877309488,0
E_tokyo_breakout_vwap,USDJPY,riesgo 0.5%,909,0.49174917491749176,855.7228034011387,8.557228034011377,11293.187608843375,10437.464805442234,1.0819856947402549,0.9413892226635188,0.9413892226635188,25.26440180949301,-22.59191516329488,0.019236601326144326,8.375062806316933,967.9637933017111,1.2026226915819032,0.41069195114628265,0.6608019390534123,0.8840442269873339,8,9,1.59941188757462,0.19097312158283222,0
E_tokyo_breakout_vwap,USDJPY,riesgo 1.0%,909,0.49174917491749176,1652.3424054714105,16.5234240547141,24036.194236865573,22383.85183139416,1.0738185017448134,1.8177584218607412,1.8177584218607412,53.77224661491179,-48.4498957389484,0.019236601326144326,16.382876024962844,2168.293239806704,2.5323833487976546,0.3981468413338943,0.639357493567236,0.7620474828481738,8,9,2.9993826749013186,0.1830803498928462,0
E_tokyo_breakout_vwap,USDJPY,lote fijo 0.1,909,0.49174917491749176,631.588679454193,6.315886794541936,8207.839646410197,7576.250966956004,1.083364276369524,0.694817029102522,0.694817029102522,18.362057374519456,-16.39881161678789,0.019236601326144326,5.136114062726313,563.6437512415705,1.0574964360568182,0.36452888903245595,0.5835987390315515,1.1205458732806959,8,9,1.1906070161358473,0.23181085964898887,0
E_tokyo_breakout_vwap,JP225,riesgo 0.25%,283,0.4734982332155477,35.099165072273536,0.35099165072274285,855.3809216715322,820.2817565992593,1.042789157249806,0.12402531827658257,0.12402531827658257,6.383439713966658,-5.5052466885856335,0.005096517036263814,1.103735901897972,110.97986258196761,0.46244356686014293,0.11534412240477188,0.18374723450587532,0.3162660707599089,8,9,0.06773469698633239,0.06136857274449128,0
E_tokyo_breakout_vwap,JP225,riesgo 0.5%,322,0.4720496894409938,30.881649596278294,0.3088164959627937,1904.516301916141,1873.6346523198624,1.016482215226988,0.09590574408782322,0.09590574408782322,12.52971251260619,-11.021380307763897,0.0021728730838073153,2.2576479023388396,229.70044032770056,0.943458683864689,0.052624817945890585,0.0821810015590186,0.1344431449596753,9,9,0.05960580893029643,0.026401729369999204,0
E_tokyo_breakout_vwap,JP225,riesgo 1.0%,322,0.4720496894409938,53.62463966085488,0.5362463966085418,3815.1118321700405,3761.4871925091848,1.0142562334833005,0.1665361480150794,0.1665361480150794,25.09941994848711,-22.126395250054028,0.0021728730838073153,4.491688716863193,464.7535159390882,1.875214006991606,0.05262810169403902,0.08218487516834037,0.11538296714657467,9,9,0.10340830228154907,0.0230221435188334,0
E_tokyo_breakout_vwap,JP225,lote fijo 0.1,322,0.4720496894409938,0.49890079039869306,0.004989007903977161,20.294683935550836,19.795783145151233,1.0252023770285543,0.0015493813366447239,0.0015493813366447239,0.1335176574707292,-0.11644578320677196,0.0021728730838073153,0.03166245775186677,3.1667832172497583,0.010857739676069941,0.06086229569302296,0.09657096640874181,0.15754181962350147,9,9,0.0009641261729198547,0.030450136893211056,0
A_asian_range_breakout,USDJPY,riesgo 0.25%,788,0.5177664974619289,489.48326718373573,4.894832671837368,8683.396849717697,8193.91358253396,1.0597374212277653,0.6211716588626103,0.6211716588626103,21.28283541597475,-21.562930480352527,0.02615049151593833,6.28009209781034,684.0797095427588,0.9011774418298636,0.3179192368641847,0.4860994839984048,0.7155354271666792,9,9,0.9278010253849223,0.14773685018224744,0
A_asian_range_breakout,USDJPY,riesgo 0.5%,788,0.5177664974619289,969.2770054436241,9.69277005443625,18137.395605693484,17168.118600249858,1.0564579630425852,1.230046961222873,1.230046961222873,44.45440099434678,-45.179259474341734,0.02615049151593833,12.553643201450637,1488.8186846074495,1.9084623957321911,0.3175316136813344,0.4858122396956525,0.6510376417657529,9,9,1.8039335177884919,0.14369800772894661,0
A_asian_range_breakout,USDJPY,riesgo 1.0%,788,0.5177664974619289,1824.8860783048221,18.248860783048215,38121.02181743074,36296.13573912591,1.0502776959900353,2.3158452770365767,2.3158452770365767,93.43387700350671,-95.51614668191029,0.02615049151593833,23.866484950414783,3313.1638517875454,3.7520484356469495,0.3186751111297766,0.4876626601269625,0.5507986202735625,9,9,3.2923843177770307,0.1379501139198888,0
A_asian_range_breakout,USDJPY,lote fijo 0.1,788,0.5177664974619289,256.61036629715454,2.5661036629715417,6227.186284201884,5970.575917904729,1.0429791647950786,0.3256476729659329,0.3256476729659329,15.262711480886969,-15.712041889222972,0.02615049151593833,3.7450983632873336,379.6534174126773,0.7454247319498427,0.21439819447249026,0.31419552259199995,0.6759069048974821,9,9,0.49085449761681055,0.13106584927877657,0
D_tokyo_or_failed_breakout,USDJPY,riesgo 0.25%,330,0.7272727272727273,-157.6948331021522,-1.5769483310215215,1439.7645662839052,1597.459399386058,0.9012839805739296,-0.47786313061258495,-0.47786313061258495,5.999019026182938,-17.749548882067312,-0.020710666165269166,2.928023043997335,296.5912861433753,0.7509584548635845,-0.3206948744211858,-0.3758376513803333,-0.5316907153702447,4,20,-0.3067086588786405,-0.10474940062627446,0
D_tokyo_or_failed_breakout,USDJPY,riesgo 0.5%,330,0.7272727272727273,-328.67732432398225,-3.2867732432398267,2963.7471545298904,3292.4244788538726,0.9001716435912303,-0.9959918918908557,-0.9959918918908557,12.348946477207877,-36.58249420948747,-0.020710666165269166,6.0300417584596575,619.3365166217955,1.5356988464754042,-0.32277975495519623,-0.3781221069278198,-0.5306926291328187,4,20,-0.6437738242631053,-0.10676108890289905,0
D_tokyo_or_failed_breakout,USDJPY,riesgo 1.0%,330,0.7272727272727273,-688.8763054786559,-6.888763054786562,6010.341396245557,6699.217701724214,0.8971706345203028,-2.087503955995929,-2.087503955995929,25.043089151023153,-74.43575224138016,-0.020710666165269166,12.12168785670175,1278.8401378143699,3.104039340314732,-0.33022851839068273,-0.386588475788016,-0.5386727278172511,4,20,-1.3698866880490823,-0.1130112162797287,0
D_tokyo_or_failed_breakout,USDJPY,lote fijo 0.1,330,0.7272727272727273,-127.15586315702967,-1.271558631570302,1664.6926194568898,1791.8484826139193,0.9290364869625938,-0.38532079744554454,-0.38532079744554454,6.936219247737041,-19.909427584599104,-0.020710666165269166,3.396222720412777,345.069333577816,0.7220488321066133,-0.22139292456343254,-0.2602414822252905,-0.36849366426922714,4,20,-0.24700388942662244,-0.07272900211815367,0
E_tokyo_breakout_vwap,AUDJPY,riesgo 0.25%,201,0.4626865671641791,44.19759230422824,0.4419759230422926,627.8445292751722,583.6469369709448,1.0757265900059503,0.2198885189265051,0.2198885189265051,6.751016443819056,-5.404138305286526,0.014258390122502903,1.8729764564296572,191.2692541131837,0.20488380822920393,0.1624857615022834,0.2460909499703678,0.2310752583270612,8,5,0.08526172871659021,0.04552205043683226,0
E_tokyo_breakout_vwap,AUDJPY,riesgo 0.5%,201,0.4626865671641791,125.13528108354876,1.251352810835482,1386.1172071172261,1260.981926033678,1.0992363796023243,0.62256358748034,0.62256358748034,14.90448609803469,-11.675758574385908,0.014258390122502903,3.7736295511848046,395.2842532885916,0.4036505510222922,0.21445879366400653,0.3296077705985867,0.3165703668751743,8,5,0.24061735530478412,0.06376284477347216,0
E_tokyo_breakout_vwap,AUDJPY,riesgo 1.0%,201,0.4626865671641791,260.1470162143687,2.601470162143693,2928.7271416319545,2668.580125417588,1.0974851808782238,1.2942637622605369,1.2942637622605369,31.491689694967253,-24.70907523534804,0.014258390122502903,7.702958728303511,849.177216235461,0.8209934588712912,0.2205397201565888,0.34067556167211227,0.3063518559384368,8,5,0.4975499939539718,0.06459206280384051,0
E_tokyo_breakout_vwap,AUDJPY,lote fijo 0.1,201,0.4626865671641791,218.60618669581527,2.1860618669581555,2022.368591377712,1803.7624046818962,1.1211945576248818,1.0875929686358992,1.0875929686358992,21.74589883201841,-16.701503747054595,0.014258390122502903,4.763771626395783,509.3006197456998,0.5495174956856791,0.25379090599969617,0.4104772722009095,0.42922819690454744,8,5,0.4187881454143838,0.087911045754986,0
A_asian_range_breakout,AUDJPY,riesgo 0.25%,202,0.45544554455445546,107.84208475644846,1.0784208475644874,1326.4347185346367,1218.5926337781882,1.0884972399858428,0.5338717067150931,0.5338717067150931,14.417768679724311,-11.078114852528984,0.025801875025574194,3.8162534766060228,398.2871456519915,0.4625436952705773,0.19714963195447222,0.31533002705594715,0.27076466296674523,8,5,0.2075083603028327,0.05437488929256865,0
A_asian_range_breakout,AUDJPY,riesgo 0.5%,202,0.45544554455445546,242.76033222979095,2.4276033222979,2823.3675767376185,2580.607244507827,1.0940710109011922,1.201783822919761,1.201783822919761,30.688778008017593,-23.460065859162064,0.025801875025574194,7.639874606429651,836.0152155447377,0.8702162667050193,0.2170259654149715,0.350413019750326,0.29037788752637855,8,5,0.46461602019824966,0.06081461334551654,0
A_asian_range_breakout,AUDJPY,riesgo 1.0%,202,0.45544554455445546,472.42833502231406,4.724283350223146,5953.461132752109,5481.032797729797,1.0861933056153192,2.3387541337738265,2.3387541337738265,64.71153405165336,-49.8275708884527,0.025801875025574194,14.919652506570458,1787.0450414330644,1.7700580936679673,0.21691807135753144,0.35060355818126054,0.26436285827662465,8,5,0.8960673664409002,0.060059533293170306,0
A_asian_range_breakout,AUDJPY,lote fijo 0.1,202,0.45544554455445546,139.70582437865596,1.397058243786553,1966.034008297859,1826.328183919204,1.0764954653871976,0.6916129919735399,0.6916129919735399,21.369934872802816,-16.602983490174584,0.025801875025574194,5.377462048656057,572.6391384160797,0.6297423649520264,0.1663100755395145,0.265327703536621,0.24396834761431496,8,5,0.26847825350826415,0.049926573368446664,0
A_asian_range_breakout,NZDUSD,riesgo 0.25%,834,0.45323741007194246,-295.9882235154146,-2.959882235154143,1230.0466220159487,1526.0348455313624,0.8060409797442396,-0.3549019466611675,-0.3549019466611675,3.254091592634785,-3.353922737431566,-0.016948257274037242,3.589540499456614,360.4182235153894,0.6708030025499778,-0.9923197354841982,-1.3234850547459653,-0.8212354542687996,11,8,-0.5789627394138908,-0.161291602504982,0
A_asian_range_breakout,NZDUSD,riesgo 0.5%,834,0.45323741007194246,-645.642906833109,-6.456429068331094,2644.753244031884,3290.3961508649936,0.8037795823875553,-0.7741521664665582,-0.7741521664665582,6.9967017037880535,-7.231639892010975,-0.016948257274037242,7.734459607626541,779.9429068330592,1.4302467347325674,-1.0116831221529285,-1.3439983528513275,-0.827807908984938,11,8,-1.2815495480173578,-0.16569348254837216,0
A_asian_range_breakout,NZDUSD,riesgo 1.0%,834,0.45323741007194246,-1295.5658136662278,-12.955658136662274,5387.976488063764,6683.542301729993,0.806155814510087,-1.5534362274175415,-1.5534362274175415,14.25390605307874,-14.689103959846138,-0.016948257274037242,15.469806515613199,1575.435813666134,2.865993221026294,-1.0029945306378607,-1.3339929699714252,-0.8223539178351977,11,8,-2.645815908164806,-0.17103096315357696,0
A_asian_range_breakout,NZDUSD,lote fijo 0.1,834,0.45323741007194246,-962.0980429831216,-9.620980429831217,4387.766555039782,5349.864598022903,0.8201640386676938,-1.1535947757591378,-1.1535947757591378,11.607848029205773,-11.757944171478908,-0.016948257274037242,11.478719947383523,1164.298042983055,1.8576588154684475,-0.9056073637439238,-1.2037324777906162,-0.8263331273134535,11,8,-1.9359344402062661,-0.16865420962269806,0
A_asian_range_breakout,XAUUSD,riesgo 0.25%,640,0.4421875,-246.10314766771626,-2.461031476677167,622.0688523322199,868.1719999999368,0.7165272000620443,-0.3845361682308077,-0.3845361682308077,2.198123153117385,-2.4318543417365177,-0.022365422052730545,2.5688622471600664,257.0283918248242,1.3499811235800088,-1.0023894860588198,-1.3116951753176889,-0.9574940181528507,11,5,-0.2648402990872989,-0.10309634133947262,0
A_asian_range_breakout,XAUUSD,riesgo 0.5%,1602,0.4575530586766542,-887.6693871286188,-8.87669387128619,3551.810612871121,4439.47999999974,0.800051044913217,-0.5541007410291005,-0.5541007410291005,4.845580645117491,-5.108722669735029,-0.014478764190886742,9.444820170185027,946.0501152437555,4.9190600850924495,-1.0651975814662058,-1.4227110278028643,-0.9382900258935072,11,7,-0.9844114580804475,-0.10422765498362714,0
A_asian_range_breakout,XAUUSD,riesgo 1.0%,1832,0.4656113537117904,-1778.7774793271547,-17.78777479327155,8550.462574346062,10329.240053673217,0.8277920282533663,-0.9709484057462632,-0.9709484057462632,10.023988949995383,-10.550807000687657,-0.013061840326439783,19.171172405517538,1924.7102423475153,9.981416202758627,-0.95638064604641,-1.2967271316296614,-0.9241793596721496,11,7,-2.0629267138568053,-0.10760566282649918,0
A_asian_range_breakout,XAUUSD,lote fijo 0.1,2053,0.4695567462250365,442.1050269444968,4.4210502694449705,59937.22556368086,59495.12053673638,1.0074309459827298,0.21534584848732807,0.21534584848732807,62.17554519054031,-54.632801227489786,-0.009464371214957646,66.23124880420322,6659.778870591573,10.615063336795833,0.12895469916070265,0.20168346729806366,0.06638434031147128,11,7,0.4614669957339723,0.00696751162126187,0
C_tokyo_or_breakout,XAUUSD,riesgo 0.25%,1218,0.4909688013136289,-192.70093694802927,-1.9270093694802926,2854.043070733307,3046.7440076813373,0.9367518450968642,-0.15821094987522985,-0.15821094987522985,4.772647275473758,-4.922042015640287,-0.006296046580947797,3.0913520263967946,309.13878860803015,1.5618760131983962,-0.2613512198875187,-0.372197752905156,-0.623347648529356,8,9,-0.20686909414328047,-0.06691864672054255,0
C_tokyo_or_breakout,XAUUSD,riesgo 0.5%,2044,0.4848336594911937,-977.1085357018892,-9.771085357018894,8412.087319165199,9389.195854867088,0.8959326708266092,-0.47803744408115934,-0.47803744408115934,8.488483672215136,-8.92509111679381,-0.014446502031210973,11.323131058679756,1132.3131058679755,11.323131058679756,-0.5666059555202428,-0.7894964222765202,-0.8629314017812113,8,11,-1.0882974248154875,-0.09611276414408824,0
C_tokyo_or_breakout,XAUUSD,riesgo 1.0%,2165,0.48775981524249423,-2274.599181478072,-22.74599181478072,17401.5623759209,19676.16155739897,0.8843982260034486,-1.0506231785118105,-1.0506231785118105,16.478752249925094,-17.758268553609177,-0.01260355178854153,27.093501483027005,2709.3501483027003,27.093501483027005,-0.639992936062936,-0.8763206207233224,-0.8395368102949031,8,11,-2.7091462863407134,-0.0999924756140466,0
C_tokyo_or_breakout,XAUUSD,lote fijo 0.1,2418,0.4904880066170389,-11278.264096168805,-112.78264096168805,104480.6040222827,115758.86811845153,0.9025710575830076,-4.664294498001987,-4.664294498001987,88.09494436954697,-94.03644851214584,-0.012647809783237879,143.34642686892803,14335.474096168653,71.754213434464,0.06778186653970636,0.09006522656564449,-0.7867381309128152,8,11,-100.0,-0.6976106916947237,0
A_asian_range_breakout,AUDUSD,riesgo 0.25%,900,0.46,-364.6977399909865,-3.6469773999098676,1382.002884093984,1746.70062408497,0.7912076431632139,-0.40521971110109595,-0.40521971110109595,3.338171217618319,-3.6238602159439215,-0.01836462417948477,4.095605028506836,411.26711590600644,0.8645210432610186,-1.1013416902131317,-1.4870896052762936,-0.8867661086580451,9,7,-0.7153947269317729,-0.17467375929865714,0
A_asian_range_breakout,AUDUSD,riesgo 0.5%,900,0.46,-733.5854799819699,-7.335854799819696,2953.2457681879696,3686.8312481699386,0.8010254794422433,-0.8150949777577432,-0.8150949777577432,7.133443884512004,-7.649027485829748,-0.01836462417948477,8.230107202654324,830.2054799819944,1.8120182147438644,-1.0598910406663664,-1.4358818175135504,-0.8836191734097926,9,7,-1.4615879482184124,-0.1775903900434043,0
A_asian_range_breakout,AUDUSD,riesgo 1.0%,900,0.46,-1507.3319930299258,-15.073319930299256,6024.505815352448,7531.837808382374,0.7998719527188467,-1.674813325588806,-1.674813325588806,14.551946413894802,-15.626219519465506,-0.01836462417948477,16.991297055970854,1734.4919930299784,3.2175433770162276,-1.0782345829214652,-1.451412916597136,-0.8690336992543692,9,7,-3.1080938477101916,-0.18292269492269203,0
A_asian_range_breakout,AUDUSD,lote fijo 0.1,900,0.46,-1182.7959101899232,-11.827959101899232,5461.957210234974,6644.753120424897,0.8219955070182818,-1.314217677988804,-1.314217677988804,13.193133358055492,-13.785794855653313,-0.01836462417948477,13.892407465405366,1420.5959101899607,2.722797625941029,-0.9168059155322955,-1.2493881060024998,-0.8326054592341892,9,7,-2.403334847601535,-0.1729962825799832,0
D_tokyo_or_failed_breakout,AUDJPY,riesgo 0.25%,350,0.6914285714285714,-219.85250918649035,-2.1985250918649,1629.6329641674345,1849.485473353925,0.8811277447949878,-0.6281500262471159,-0.6281500262471159,6.734020513088572,-17.124865494017826,-0.027613899241676947,3.81254205518971,383.53686968848706,0.8578396170503731,-0.40254182689926943,-0.4785689062763941,-0.5732239233350812,4,14,-0.4286922592528719,-0.11244263093946132,0
D_tokyo_or_failed_breakout,AUDJPY,riesgo 0.5%,350,0.6914285714285714,-468.89692804306287,-4.688969280430633,3288.2023036787336,3757.099231721797,0.8751970871346462,-1.3397055086944658,-1.3397055086944658,13.587612825118734,-34.787955849275896,-0.027613899241676947,7.856653953901997,795.1967281003326,1.766173554471092,-0.4196574265619727,-0.49795734353303944,-0.5896615409412256,4,14,-0.9238016131939419,-0.11758206720242999,0
D_tokyo_or_failed_breakout,AUDJPY,riesgo 1.0%,350,0.6914285714285714,-945.8639328183654,-9.458639328183649,6500.258261413423,7446.122194231789,0.872972278973465,-2.7024683794810453,-2.7024683794810453,26.860571328154638,-68.94557587251656,-0.027613899241676947,15.42106495802707,1579.886913542152,3.480701745934172,-0.41898486045052746,-0.4968973691963054,-0.5986909092738234,4,14,-1.9019183232297343,-0.12333248893032746,0
D_tokyo_or_failed_breakout,AUDJPY,lote fijo 0.1,350,0.6914285714285714,-282.114133870371,-2.8211413387037143,1567.4713982913408,1849.585532161711,0.8474717016516409,-0.806040382486772,-0.806040382486772,6.477154538393971,-17.125791964460287,-0.027613899241676947,4.074691153005262,409.3762368027528,0.9894847944265284,-0.48521061844736485,-0.5613250682188067,-0.6891316801231437,4,14,-0.5515084902070755,-0.13534976504914095,0
D_tokyo_or_failed_breakout,JP225,riesgo 0.25%,240,0.5916666666666667,-187.4122757014229,-1.8741227570142294,1052.552038590486,1239.96431429191,0.8488567182609228,-0.7808844820892652,-0.7808844820892652,7.412338299933,-12.652697084611326,-0.03124941626573256,3.034999696666935,306.2005894969534,0.7195069538505933,-0.43520183312153854,-0.5252317407908512,-0.6120572008346431,6,13,-0.3649509620745728,-0.12024744598009858,0
D_tokyo_or_failed_breakout,JP225,riesgo 0.5%,242,0.5867768595041323,-414.91918467575306,-4.149191846757527,2088.359539155397,2503.2787238311503,0.834249705905406,-1.7145420854369975,-1.7145420854369975,14.706757317995756,-25.032787238311503,-0.03444127879272871,6.396656324801171,651.0505800099199,1.4932405827620232,-0.48205597552567436,-0.5808092067159777,-0.6373071423566369,6,13,-0.8156135267969655,-0.12750622909576395,0
D_tokyo_or_failed_breakout,JP225,riesgo 1.0%,242,0.5867768595041323,-825.4455743656454,-8.254455743656452,4114.085202674538,4939.530777040183,0.8328898813218326,-3.410932125477874,-3.410932125477874,28.972431004750266,-49.395307770401836,-0.03444127879272871,12.475863091949558,1291.9552198550318,2.932897946169884,-0.4819535900876102,-0.5806990742408195,-0.6389119078432667,6,13,-1.6511243822093347,-0.13234550347661114,0
D_tokyo_or_failed_breakout,JP225,lote fijo 0.1,242,0.5867768595041323,-2.25900308754899,-0.022590030875491163,10.353094709217846,12.612097796766072,0.8208860156375042,-0.009334723502265403,-0.009334723502265403,0.07290911767054821,-0.12612097796766072,-0.03444127879272871,0.03206189401067762,3.2063408631966013,0.007988768862016616,-0.46569264023892776,-0.5592714130966668,-0.7045424001791404,6,13,-0.00436601096758249,-0.13617445576136178,0
C_tokyo_or_breakout,JP225,riesgo 0.25%,1082,0.46950092421441775,-266.70142353698066,-2.6670142353698023,5161.959375282769,5428.660798819748,0.950871599199021,-0.24648930086597062,-0.24648930086597062,10.161337352918835,-9.490665732202357,-0.009669909523147007,5.795018427752811,595.537046864174,1.0608761332729764,-0.2532689915965724,-0.36956164159144034,-0.44783347222697306,9,10,-0.5210466471240793,-0.08991285422471565,0
C_tokyo_or_breakout,JP225,riesgo 0.5%,1180,0.46440677966101696,-851.1817815331542,-8.511817815331547,11026.78902235606,11877.970803889217,0.9283394617155943,-0.7213404928247076,-0.7213404928247076,20.121877778022007,-18.853921910935266,-0.014418916770169817,14.194342815641333,1497.2959118710514,2.2948929189448917,-0.4036866061706459,-0.5847918074196067,-0.5684793331663479,12,10,-1.704500791250807,-0.12008310729064167,0
C_tokyo_or_breakout,JP225,riesgo 1.0%,1180,0.46440677966101696,-1695.8296851761515,-16.95829685176151,21972.99160296373,23668.821288139887,0.9283517474515762,-1.4371438009967397,-1.4371438009967397,40.096700005408266,-37.56955760022204,-0.014418916770169817,26.587774478054353,2943.930538931382,4.710202378170181,-0.4036666865362818,-0.5847998557345594,-0.5760426962355304,12,10,-3.527467434585796,-0.1326725347959221,0
C_tokyo_or_breakout,JP225,lote fijo 0.1,1180,0.46440677966101696,-14.029055587428957,-0.1402905558742895,87.20070312035185,101.2297587077805,0.8614137209599968,-0.01188903015883785,-0.01188903015883785,0.15912537065757637,-0.16068215667901667,-0.014418916770169817,0.1899546113563242,19.00185540803068,0.02485462632574596,-0.7525123794278583,-1.0199414601005217,-0.7382992495301228,12,10,-0.02712706196554837,-0.14280812543509344,0
D_tokyo_or_failed_breakout,XAUUSD,riesgo 0.25%,301,0.584717607973422,-232.68570541325062,-2.326857054132503,979.0325000000491,1211.7182054133,0.8079704469457195,-0.7730422106752519,-0.7730422106752519,5.562684659091189,-9.6937456433064,-0.030369463825204522,3.1159261082964034,313.42014639198896,0.8626683108776059,-0.44782299762306277,-0.5348715670265798,-0.7424082596216861,8,8,-0.2502482580870047,-0.0803126420169909,0
D_tokyo_or_failed_breakout,XAUUSD,riesgo 0.5%,346,0.5780346820809249,-579.6948326314669,-5.796948326314666,2417.247000000103,2996.941832631569,0.806571209918197,-1.6754185914204218,-1.6754185914204218,12.086235000000515,-20.526998853640883,-0.03535308702783029,7.28032031405194,737.045714588945,1.990031545760216,-0.49050924268792223,-0.5870429997353098,-0.7865113671473775,8,8,-0.6335283055918239,-0.08701929012230879,0
D_tokyo_or_failed_breakout,XAUUSD,riesgo 1.0%,360,0.5666666666666667,-1314.5909400626551,-13.145909400626554,5093.595000000212,6408.185940062867,0.79485755370423,-3.6516415001740428,-3.6516415001740428,24.96860294117751,-41.078115000402995,-0.04170900733007961,15.944974336527471,1634.8691921733625,4.3409299917703335,-0.539922180822164,-0.6468370198017674,-0.8040954874897753,8,9,-1.4887644840962833,-0.09336888556074713,0
D_tokyo_or_failed_breakout,XAUUSD,lote fijo 0.1,362,0.56353591160221,-5959.8550858590215,-59.598550858590215,8584.305000000179,14544.160085859203,0.590223495157098,-16.463688082483486,-16.463688082483486,42.07992647058911,-92.05164611303293,-0.04492504892343962,64.3718330301468,6511.729028269108,16.265289508446777,-0.6573741782761903,-0.7247568354268699,-0.9152492463961172,8,9,-9.19476985781882,-0.14283840345998378,0
C_tokyo_or_breakout,AUDJPY,riesgo 0.25%,1155,0.4649350649350649,-478.77375298171137,-4.787737529817115,3002.299312718249,3481.0730656999613,0.8624637449586419,-0.41452272985429595,-0.41452272985429595,5.590873952920389,-5.6419336559156585,-0.01881462024404167,5.110329368698329,512.4297645778133,1.797822119970174,-0.7709331126700828,-1.0780391889060166,-0.9343207324737842,11,8,-0.9436512953528875,-0.18465567036303346,0
C_tokyo_or_breakout,AUDJPY,riesgo 0.5%,1155,0.4649350649350649,-1007.4550032438128,-10.074550032438124,6477.545383624289,7485.0003868681015,0.8654034801372461,-0.8722554140639075,-0.8722554140639075,12.062468125929774,-12.131281015993682,-0.01881462024404167,10.956772976203439,1105.1086467344085,2.698420190381194,-0.7579785436704377,-1.069924392019248,-0.9116343503607888,11,8,-2.031235024169986,-0.18538624726290684,0
C_tokyo_or_breakout,AUDJPY,riesgo 1.0%,1155,0.4649350649350649,-1952.7222086549664,-19.527222086549667,13082.868884716368,15035.591093371339,0.8701266749987729,-1.6906685789220497,-1.6906685789220497,24.36288432908076,-24.368867250196658,-0.01881462024404167,21.141444446042122,2151.4879969705635,7.3878186625049445,-0.733212662435529,-1.0394385588577828,-0.907614735199326,11,8,-4.111551085441157,-0.19447824844394102,0
C_tokyo_or_breakout,AUDJPY,lote fijo 0.1,1155,0.4649350649350649,-1631.3943224288505,-16.313943224288508,9850.47773149691,11481.87205392576,0.857915650447345,-1.412462616821514,-1.412462616821514,18.343533950646016,-18.609192956119546,-0.01881462024404167,18.110926258219422,1847.3396187115559,5.803803067793667,-0.7878143245249946,-1.1082658492816597,-0.8831047122600454,11,8,-3.3832542312159375,-0.18680735501755405,0
B_asian_failed_breakout,AUDUSD,riesgo 0.25%,420,0.4595238095238095,-522.6879632320961,-5.226879632320958,2524.650000000037,3047.337963232133,0.8284771923762235,-1.2444951505526092,-1.2444951505526092,13.081088082901745,-13.424396313797942,-0.05307514795301164,7.430055188838547,754.4496375041199,1.788912067816072,-0.658272357136391,-0.9274379491903323,-0.6928069645062847,11,7,-1.0321083367429429,-0.13890991527134003,0
B_asian_failed_breakout,AUDUSD,riesgo 0.5%,420,0.4595238095238095,-1054.8603548126466,-10.548603548126467,5033.740000000074,6088.600354812721,0.8267483011955556,-2.511572273363445,-2.511572273363445,26.081554404145464,-26.822027994769694,-0.05307514795301164,14.58367937893227,1503.5113913220775,3.5541301752708137,-0.6639741946744113,-0.9351520733808868,-0.7015978468145025,11,7,-2.1312548881929017,-0.14613972460692834,0
B_asian_failed_breakout,AUDUSD,riesgo 1.0%,420,0.4595238095238095,-2064.656545783113,-20.646565457831134,9736.12000000014,11800.776545783254,0.8250406201852138,-4.9158489185312195,-4.9158489185312195,50.44621761658104,-51.98579976115971,-0.05307514795301164,27.666794994646075,2940.5328035192197,6.398564166563278,-0.6677006840709595,-0.9398011319913012,-0.7021368859793501,11,7,-4.370765685662736,-0.15797874985189078,0
B_asian_failed_breakout,AUDUSD,lote fijo 0.1,420,0.4595238095238095,-213.0840631226547,-2.1308406312265493,2123.7500000000286,2336.8340631226833,0.908815064584469,-0.5073430074348928,-0.5073430074348928,11.003886010362843,-10.294423185562481,-0.05307514795301164,4.833565704404826,491.9643961891761,0.8480499710664123,-0.33035329865151003,-0.4781423800505902,-0.4331290328593556,11,7,-0.4153789813866049,-0.08593634736527327,0
B_asian_failed_breakout,EURJPY,riesgo 0.25%,274,0.42700729927007297,-663.5615797508908,-6.635615797508909,2406.563033480645,3070.1246132315355,0.7838649360058247,-2.421757590331717,-2.421757590331717,20.56891481607389,-19.55493384223908,-0.09689795550603361,7.962915949344955,803.1908711432643,1.814242585085578,-0.7760306092503849,-1.0961597357702264,-0.826156774922473,8,7,-1.3181220334277155,-0.16553258150817815,0
B_asian_failed_breakout,EURJPY,riesgo 0.5%,274,0.42700729927007297,-1275.9862286020416,-12.759862286020418,4824.188125453474,6100.174354055516,0.790827908426299,-4.656884045992854,-4.656884045992854,41.23237714062798,-38.85461372009883,-0.09689795550603361,15.407184836589604,1569.666300791734,3.5515203824747896,-0.7460909981386272,-1.0591286020739532,-0.8129028621933456,8,7,-2.603534223609849,-0.16898182576656515,0
B_asian_failed_breakout,EURJPY,riesgo 1.0%,274,0.42700729927007297,-2432.771337266923,-24.327713372669237,9243.153898523708,11675.925235790628,0.791642093612448,-8.878727508273439,-8.878727508273439,79.0013153719975,-74.36895054643712,-0.09689795550603361,28.89218420880552,3000.883478894144,7.746666113121567,-0.7388782767514647,-1.0501138304644604,-0.8106850380486696,8,7,-5.244578615478068,-0.1815223998841759,0
B_asian_failed_breakout,EURJPY,lote fijo 0.1,274,0.42700729927007297,-11.624018584625446,-0.11624018584625029,2351.1708302479906,2362.7948488326147,0.9950803944784427,-0.042423425491331254,-0.042423425491331254,20.095477181606757,-15.049648718679075,-0.09689795550603361,4.194601187690358,427.35598630828827,0.9370851867592009,-0.00775624113160329,-0.012405051186645746,-0.027199849673429054,8,7,-0.022474417462392537,-0.005357939040390026,0
B_asian_failed_breakout,XAUUSD,riesgo 0.25%,616,0.4090909090909091,-1927.3512832320175,-19.273512832320172,2788.8259999999727,4716.177283231991,0.5913318843876864,-3.128817018233795,-3.128817018233795,11.066769841269734,-12.956530997890086,-0.14747016321044443,19.39491283232017,1939.491283232017,19.39491283232017,-1.7139103457127742,-2.117902420369738,-0.9937406266762029,12,7,-2.2528283338390076,-0.1161556307736964,0
B_asian_failed_breakout,XAUUSD,riesgo 0.5%,653,0.41347626339969373,-3516.7834342437764,-35.167834342437764,5676.570999999971,9193.354434243744,0.6174646088761324,-5.385579531766881,-5.385579531766881,21.02433703703693,-24.00353638183745,-0.13786380738604298,35.58858434243775,3558.8584342437744,35.58858434243775,-1.622124423606903,-2.0371060648748385,-0.9881773886830825,12,7,-4.507373215274557,-0.1266522200462951,0
B_asian_failed_breakout,XAUUSD,riesgo 1.0%,658,0.4133738601823708,-5886.250573420085,-58.862505734200845,9721.879000000004,15608.12957342009,0.6228727762842197,-8.945669564468215,-8.945669564468215,35.74220220588237,-40.435568843057226,-0.13666147526242184,59.33755573420083,5933.755573420083,59.33755573420083,-1.6216749147485345,-2.041219253489245,-0.9919941090575429,12,7,-9.020126424139042,-0.1520137847359972,0
B_asian_failed_breakout,XAUUSD,lote fijo 0.1,669,0.4125560538116592,-4298.1087888296515,-42.98108788829652,9442.500000000126,13740.60878882978,0.6871966260822637,-6.424676814394102,-6.424676814394102,34.21195652173959,-34.96338114206051,-0.1382792127388227,49.789377509236296,4984.11287769968,28.316518565042188,-0.7365057833502342,-0.9503188121739702,-0.8623618473932636,12,7,-5.803588781841718,-0.1165627905423222,0
B_asian_failed_breakout,JP225,riesgo 0.25%,497,0.47283702213279677,-1261.922633721504,-12.61922633721504,3449.5676254817517,4711.490259203256,0.7321606191891176,-2.539079745918519,-2.539079745918519,14.679011172262774,-18.051686816870713,-0.10774647103243659,12.840866392043862,1287.3519887017592,12.840866392043862,-1.2799528198926544,-1.6735287483993715,-0.980246773840075,8,7,-2.5732114166326925,-0.2003923518920064,0
B_asian_failed_breakout,JP225,riesgo 0.5%,498,0.4718875502008032,-2386.1066909050223,-23.861066909050223,6345.4790553343155,8731.58574623934,0.7267269932116613,-4.791378897399645,-4.791378897399645,27.00203853333751,-33.326663153585265,-0.10781032358636267,24.24634025001738,2436.9654008655325,24.24634025001738,-1.283410476734254,-1.6779802495719167,-0.9791303110243392,8,7,-5.131935157705769,-0.2116581349922321,0
B_asian_failed_breakout,JP225,riesgo 1.0%,498,0.4718875502008032,-4251.677232471244,-42.516772324712434,10745.281348173303,14996.958580644548,0.7164973678090591,-8.537504482873986,-8.537504482873986,45.72460148158852,-57.24029992612423,-0.10781032358636267,43.09558930847919,4353.394652392262,43.09558930847919,-1.2838800476297703,-1.6785548829362367,-0.9766349187144971,8,7,-10.147457161406226,-0.2354639378236715,0
B_asian_failed_breakout,JP225,lote fijo 0.1,498,0.4718875502008032,-6.744030658817792,-0.06744030658817346,20.507686642049713,27.25171730086676,0.7525282320977787,-0.013542230238588452,-0.013542230238588452,0.08726675166829664,-0.10401418817124716,-0.10781032358636267,0.07301153731560558,7.301213933775216,0.07301153731560558,-1.0476899019566286,-1.3907728655404987,-0.9236862143732141,8,7,-0.013036653783371488,-0.1785560784320729,0
B_asian_failed_breakout,AUDJPY,riesgo 0.25%,416,0.5048076923076923,-1192.8983959481411,-11.92898395948141,1914.9316503653308,3107.8300463134733,0.6161635680937039,-2.867544221029188,-2.867544221029188,9.118722144596813,-15.086553622880938,-0.1252305717004833,12.285557922559043,1229.5247801829519,6.640637365500844,-1.7473677708026498,-2.074965996046989,-0.9702109426136488,11,7,-2.4249551400061353,-0.19738258166960193,0
B_asian_failed_breakout,AUDJPY,riesgo 0.5%,416,0.5048076923076923,-2278.3728634883228,-22.783728634883225,3682.3884661104157,5960.761329598739,0.617771499728593,-5.476857844923855,-5.476857844923855,17.535183171954362,-28.935734609702617,-0.1252305717004833,23.382105280450144,2341.828183677688,12.713238962709541,-1.734649513122954,-2.062974498514585,-0.9729035116104408,11,7,-4.873989080633234,-0.20844953960191057,0
B_asian_failed_breakout,AUDJPY,riesgo 1.0%,416,0.5048076923076923,-4071.9946373601124,-40.719946373601125,6584.564841430213,10656.559478790328,0.6178884333668314,-9.788448647500275,-9.788448647500275,31.355070673477204,-51.73087125626373,-0.1252305717004833,41.717080935282,4190.059871559755,22.871049503928152,-1.723321830047528,-2.0511797746390994,-0.971822542441215,11,7,-9.611395078289398,-0.23039471753069404,0
B_asian_failed_breakout,AUDJPY,lote fijo 0.1,416,0.5048076923076923,-822.6611255131556,-8.226611255131555,1924.8665498995351,2747.527675412691,0.7005813142939175,-1.9775507824835488,-1.9775507824835488,9.166031189997787,-13.337512987440249,-0.1252305717004833,9.365671213094467,946.7506881572608,3.6738783918398576,-1.2525626609192944,-1.5743808950113107,-0.8689311091121243,11,7,-1.6453567318909235,-0.17567953160586008,0
B_asian_failed_breakout,USDJPY,riesgo 0.25%,684,0.4619883040935672,-1920.6635797752388,-19.20663579775239,5393.553137204461,7314.216716979699,0.7374067991017431,-2.80798768972988,-2.80798768972988,17.068206130393865,-19.87558890483614,-0.12651423611614598,19.954991957679617,2014.155501161713,6.796089773062346,-1.539261070560778,-2.0916692588017334,-0.9535825702968066,12,9,-4.037846605614304,-0.20234769395937294,0
B_asian_failed_breakout,USDJPY,riesgo 0.5%,684,0.4619883040935672,-3520.4750121628776,-35.20475012162878,10096.022380267226,13616.497392430105,0.7414551693653585,-5.146893292635787,-5.146893292635787,31.949437912238057,-37.001351609864415,-0.12651423611614598,36.40800498271831,3709.689843489138,12.42981537413215,-1.5316071359702075,-2.0832584681185735,-0.9489944336833575,12,9,-8.044021604257845,-0.22094101580342232,0
B_asian_failed_breakout,USDJPY,riesgo 1.0%,684,0.4619883040935672,-5882.361343017235,-58.82361343017235,17410.175922103706,23292.537265120944,0.7474572531080291,-8.599943483943326,-8.599943483943326,55.095493424378816,-63.294938220437345,-0.12651423611614598,60.33382204458329,6263.090894553145,20.700654094154146,-1.532352707250941,-2.0835350027237265,-0.9392105977789624,12,9,-15.757888888894245,-0.2611783632280092,0
B_asian_failed_breakout,USDJPY,lote fijo 0.1,684,0.4619883040935672,-1182.761297621766,-11.827612976217662,3184.8107898342278,4367.572087455994,0.7291947851258715,-1.729183183657552,-1.729183183657552,10.078515157703253,-11.868402411565201,-0.12651423611614598,12.01954522420582,1204.1375282748177,4.073200391767345,-1.4715427728265884,-1.9759079536415645,-0.9822476833824143,12,9,-2.4032608077325657,-0.1999460680835667,0
B_asian_failed_breakout,NZDUSD,riesgo 0.25%,616,0.4090909090909091,-1927.3512832320175,-19.273512832320172,2788.8259999999727,4716.177283231991,0.5913318843876864,-3.128817018233795,-3.128817018233795,11.066769841269734,-12.956530997890086,-0.14747016321044443,19.39491283232017,1939.491283232017,19.39491283232017,-1.4184973438384358,-1.862661075000335,-0.9937406266762029,12,7,-4.053202487993357,-0.20898276383274067,0
B_asian_failed_breakout,NZDUSD,riesgo 0.5%,653,0.41347626339969373,-3516.7834342437764,-35.167834342437764,5676.570999999971,9193.354434243744,0.6174646088761324,-5.385579531766881,-5.385579531766881,21.02433703703693,-24.00353638183745,-0.13786380738604298,35.58858434243775,3558.8584342437744,35.58858434243775,-1.3729583090494142,-1.8279852017761034,-0.9881773886830825,12,7,-8.033899344532836,-0.22574371790767694,0
B_asian_failed_breakout,NZDUSD,riesgo 1.0%,658,0.4133738601823708,-5886.250573420085,-58.862505734200845,9721.879000000004,15608.12957342009,0.6228727762842197,-8.945669564468215,-8.945669564468215,35.74220220588237,-40.435568843057226,-0.13666147526242184,59.33755573420083,5933.755573420083,59.33755573420083,-1.3397579717448977,-1.822557664880974,-0.9919941090575429,12,7,-15.773271803513921,-0.26582274258429833,0
B_asian_failed_breakout,NZDUSD,lote fijo 0.1,669,0.4125560538116592,-4298.1087888296515,-42.98108788829652,9442.500000000126,13740.60878882978,0.6871966260822637,-6.424676814394102,-6.424676814394102,34.21195652173959,-34.96338114206051,-0.1382792127388227,49.789377509236296,4984.11287769968,28.316518565042188,-0.8738967653918235,-1.1409173833752835,-0.8623618473932636,12,7,-10.288175438890635,-0.20663394389660933,0
