strategy,symbol,risk_pct,trades,maxDD_median,maxDD_p95,maxDD_p99,worst_losing_streak,prob_ruin,boot_prob_ruin,return_p05,return_median,return_p95,prob_loss
A_asian_range_breakout,JP225,0.25,264,1.9389987991238948,3.0235514945143844,3.6148152767867914,22,0.0,0.0,-2.295167981524796,1.6624156349498986,5.772722288133044,0.2488
A_asian_range_breakout,JP225,0.5,264,3.8519573740079665,5.972849357639675,7.1201259203673235,22,0.0,0.0,-4.589147071809398,3.2941797141128437,11.807742826191081,0.2523
A_asian_range_breakout,JP225,1.0,264,7.601953333939636,11.64746652274796,13.810319426863463,22,0.0,0.0,-9.159171991828469,6.4471107930136,24.710837872073462,0.2595
A_asian_range_breakout,EURJPY,0.25,660,4.430319335457085,6.795821320034564,7.976390880970904,24,0.0,0.0,-4.9625390553736555,3.46952762884144,13.10326917099149,0.2534
A_asian_range_breakout,EURJPY,0.5,660,8.72868752938481,13.203887405592777,15.433003779870623,24,0.0,0.0,-9.907412786488589,6.762413221993324,27.54082356485332,0.2634
A_asian_range_breakout,EURJPY,1.0,660,16.924141052588034,24.965623539311675,28.749961616643965,24,0.0,0.0001,-19.677628523672592,12.729736528687685,60.79743367909234,0.2818
C_tokyo_or_breakout,USDJPY,0.25,1340,3.535935606603749,5.352849756155506,6.317082739013097,34,0.0,0.0,-5.148696588196821,0.6852900322420252,6.821788888619859,0.4212
C_tokyo_or_breakout,USDJPY,0.5,1340,6.981532431702076,10.471549562658556,12.304388494682975,34,0.0,0.0,-10.149441571703525,1.2460021984702974,13.96664761248917,0.4293
C_tokyo_or_breakout,USDJPY,1.0,1340,13.622139796848899,20.011407843469836,23.28202923770189,34,0.0,0.0,-19.678450385013928,1.9849389251297866,29.2267262599276,0.4429
E_tokyo_breakout_vwap,JP225,0.25,322,1.4266354943144894,2.1309519575314826,2.4956239148368438,21,0.0,0.0,-2.1402965415046875,0.14380880296854803,2.617960241000925,0.4602
E_tokyo_breakout_vwap,JP225,0.5,322,2.839974044521938,4.2243847710632245,4.9382425076895435,21,0.0,0.0,-4.250764642050265,0.26696067833010817,5.2823003936877635,0.4628
E_tokyo_breakout_vwap,JP225,1.0,322,5.625436380751099,8.297716254908742,9.66732274472657,21,0.0,0.0,-8.398223633703468,0.45633406873798465,10.749581989713421,0.4676
E_tokyo_breakout_vwap,USDJPY,0.25,909,3.717100769773303,5.73681354990956,6.707770631766253,21,0.0,0.0,-3.497166941543344,4.4178122410569625,12.965599872677563,0.1796
E_tokyo_breakout_vwap,USDJPY,0.5,909,7.338501152033235,11.195394184500593,13.02591570836655,21,0.0,0.0,-7.0753670377538285,8.782395161148127,27.301308017155396,0.186
E_tokyo_breakout_vwap,USDJPY,1.0,909,14.298276593604683,21.333018221039975,24.565318885431157,21,0.0,0.0,-14.415961397164029,17.278165457157957,60.5987914803303,0.1999
A_asian_range_breakout,USDJPY,0.25,788,5.822481838297534,8.833112232595555,10.307762168232712,21,0.0,0.0,-6.703686543192595,5.016759111890556,18.056516098051826,0.2472
A_asian_range_breakout,USDJPY,0.5,788,11.406026366318702,17.040951647156696,19.69209968477092,21,0.0,0.0,-13.348725362868226,9.747739350597817,38.66830789619651,0.2565
A_asian_range_breakout,USDJPY,1.0,788,21.869797017946155,31.612787347782746,36.03595372176736,21,0.0,0.0052,-26.327838131533895,18.149012762910232,88.20209033427287,0.2787
E_tokyo_breakout_vwap,AUDJPY,0.25,201,1.1661832796357205,1.8127076923286776,2.1450689225040134,19,0.0,0.0,-1.5311103229952399,0.6779411036876959,3.0199634228097696,0.307
E_tokyo_breakout_vwap,AUDJPY,0.5,201,2.3237185023928744,3.598537839801918,4.24805959911426,19,0.0,0.0,-3.0541398534995636,1.3411913019748645,6.10570772326816,0.3098
E_tokyo_breakout_vwap,AUDJPY,1.0,201,4.612898553383851,7.093479501773998,8.340281043076946,19,0.0,0.0,-6.075558205235749,2.6236137778446134,12.497306777789545,0.3156
D_tokyo_or_failed_breakout,USDJPY,0.25,330,3.143498345378341,4.336943318858338,4.860896745396681,11,0.0,0.0,-5.282110006205541,-1.6693920311453003,1.9335921602204444,0.778
D_tokyo_or_failed_breakout,USDJPY,0.5,330,6.220700484628157,8.514065574467933,9.511610890744302,11,0.0,0.0,-10.331933384252624,-3.3600072376108847,3.8560311060149646,0.7812
D_tokyo_or_failed_breakout,USDJPY,1.0,330,12.174602458311437,16.41504146055415,18.2129699446269,11,0.0,0.0,-19.769330923894007,-6.793463270868316,7.655471158810442,0.7875
A_asian_range_breakout,AUDJPY,0.25,202,2.16278534607732,3.3710745668364606,3.918432207906477,21,0.0,0.0,-2.87632535498048,1.2484287679376926,5.717581676714471,0.3092
A_asian_range_breakout,AUDJPY,0.5,202,4.29886121642255,6.643189064876559,7.700852719677399,21,0.0,0.0,-5.722612965862304,2.4496245459074584,11.681533632072272,0.3139
A_asian_range_breakout,AUDJPY,1.0,202,8.467913212485005,12.905830498822198,14.878409798327475,21,0.0,0.0,-11.318450637772925,4.691254717119664,24.35879016210941,0.3228
A_asian_range_breakout,NZDUSD,0.25,834,3.91867038504454,4.588031927890053,4.930757810037633,28,0.0,0.0,-5.954500399121359,-3.4551555125100997,-1.050042059919792,0.9917
A_asian_range_breakout,NZDUSD,0.5,834,7.703081815281835,8.983440763685305,9.63449407194655,28,0.0,0.0,-11.574884729321383,-6.811576499637445,-2.114564796043906,0.9918
A_asian_range_breakout,NZDUSD,1.0,834,14.884040949915795,17.221921374439592,18.39878739444502,28,0.0,0.0,-21.882304108193328,-13.240595217414363,-4.28394841250465,0.992
