strategy,mode,trades,win_rate,expectancy_R,profit_factor,max_dd_R,net_R
A_asian_range_breakout,per_signal,1353,0.4781966001478197,-0.015624452191963574,0.926939495776862,29.655049108794117,-21.139883815726716
A_asian_range_breakout,one_per_session,1246,0.478330658105939,-0.015332626493082376,0.9292628229542926,27.377128674083625,-19.10445261038064
A_asian_range_breakout,two_per_session,1352,0.47855029585798814,-0.015437439177196949,0.927800338803593,29.655049108794117,-20.871417767570275
B_asian_failed_breakout,per_signal,1509,0.4625579854208085,-0.114985935764286,0.7285097895156105,175.39956791004408,-173.51377706830758
B_asian_failed_breakout,one_per_session,1140,0.4631578947368421,-0.11760594843402024,0.733875239295942,135.1879448909277,-134.07078121478307
B_asian_failed_breakout,two_per_session,1467,0.4655760054533061,-0.11156445104505536,0.7367229819910233,165.55084052483272,-163.6650496830962
C_tokyo_or_breakout,per_signal,1350,0.48148148148148145,-0.004339625046989741,0.9718816194472216,13.2200887809172,-5.85849381343615
C_tokyo_or_breakout,one_per_session,1341,0.48322147651006714,-0.002293431119270906,0.9850157082630531,13.009514904680083,-3.075491130942285
C_tokyo_or_breakout,two_per_session,1350,0.48148148148148145,-0.004339625046989741,0.9718816194472216,13.2200887809172,-5.85849381343615
D_tokyo_or_failed_breakout,per_signal,806,0.6873449131513648,-0.017828460406032445,0.9152384813852195,25.68129254486694,-14.36973908726215
D_tokyo_or_failed_breakout,one_per_session,667,0.6761619190404797,-0.02962897269356106,0.8673848898273206,27.948981635162934,-19.762524786605226
D_tokyo_or_failed_breakout,two_per_session,799,0.6871088861076345,-0.019173214800132156,0.9091554858890414,26.796347563236157,-15.319398625305594
E_tokyo_breakout_vwap,per_signal,1044,0.48084291187739464,0.01096483742288906,1.0547133406320595,20.870072547251045,11.447290269496179
E_tokyo_breakout_vwap,one_per_session,1022,0.4774951076320939,0.006445374025347947,1.031844202640609,22.312398991905173,6.587172253905602
E_tokyo_breakout_vwap,two_per_session,1043,0.48034515819750717,0.010843909468950724,1.054058093926987,20.870072547251045,11.310197576115606
