strategy,symbol,status,cid,timeframe,spread_source,n_configs_tested,bh_significant_is,dsr_is,best_region,worst_region,robust_expectancy_R,neighbor_positive_share,IS_trades,IS_win_rate,IS_expectancy_R,IS_profit_factor,IS_max_dd_R,VAL_trades,VAL_win_rate,VAL_expectancy_R,VAL_profit_factor,VAL_max_dd_R,OOS_trades,OOS_win_rate,OOS_expectancy_R,OOS_profit_factor,OOS_max_dd_R,ALL_net_return_pct,ALL_max_dd_pct,ALL_sharpe,ALL_sortino,ALL_cagr_pct,ALL_calmar,ALL_average_R,ALL_recovery_factor,ALL_avg_dd_pct,OOS_net_return_pct,OOS_max_dd_pct,OOS_sharpe,OOS_sortino,OOS_cagr_pct,OOS_calmar,OOS_average_R,OOS_recovery_factor,OOS_avg_dd_pct,max_year_share,wf_windows,wf_positive_share,fragile,cost_flag,verdict,pre_oos_expectancy_R,composite_rank
A_asian_range_breakout,JP225,OK,buffer_atr=0.1|sl=atr_0.50|tp=trail_atr_1.0|rf=btw_0.50_1.50,M1 ejecución / M5 señal,bar_spread_column+model,1536,0,0.016337293097510742,"buffer_atr=0.1, sl=atr_1.25, tp=r_2.0, rf=btw_0.50_1.50","buffer_atr=0.025, sl=range_0.50, tp=r_0.5, rf=none",0.03289133360139599,1.0,164,0.4634146341463415,0.034305115342070466,1.15633451692516,7.844836329300531,47,0.5106382978723404,0.0371996236111979,1.1831017010694918,3.7998314202541517,53,0.41509433962264153,-0.012283417201342297,0.9460608201027335,5.334889741518516,3.299377334876641,3.8690638910712014,0.30165585555385693,0.49016741240210815,0.6292966478227857,0.16264829569628964,0.025467424674828456,0.8401051508669648,2.0102891244809613,-0.3474004044935475,2.6397917433557625,-0.40649648874305977,-0.6220599977025301,-0.37425048006345385,-0.14177272923344258,-0.012283417201342297,-0.12964988341623987,1.8835958328680693,0.3952869625442378,4,0.75,,,SIN VENTAJA: se degrada fuera de muestra,0.03494986362950643,3.4
A_asian_range_breakout,EURJPY,OK,buffer_atr=0.05|sl=range_1.00|tp=r_2.0|rf=gt_0.25,M1 ejecución / M5 señal,bar_spread_column+model,1536,0,1.944673734462944e-06,"buffer_atr=0.1, sl=atr_0.50, tp=r_3.0, rf=gt_0.25","buffer_atr=0.0, sl=range_0.50, tp=r_0.5, rf=none",0.057295062046279724,1.0,370,0.4972972972972973,0.05294692104886745,1.1677674835998797,7.980640982210521,139,0.4748201438848921,-0.0026708554531937783,0.9908006561667551,8.008847542410965,151,0.4304635761589404,-0.032859871499353994,0.9020910775445632,13.120300237483226,6.125480109851389,6.853824455814412,0.2739598935122861,0.4255532829819466,1.1555587437069637,0.16860057492815567,0.021601926187400856,0.8046203035083299,1.680119526391842,-2.500482931292569,6.240358816046299,-0.4638696814441176,-0.6609978855206655,-2.4046013024594304,-0.3853306153287693,-0.032859871499353994,-0.39537655395205906,3.4770818546869116,0.46812977408015893,4,0.5,FRÁGIL: sólo 50% de ventanas WF positivas,,SIN VENTAJA: se degrada fuera de muestra,0.03775856950901183,6.0
C_tokyo_or_breakout,USDJPY,OK,buffer_atr=0.0|or_minutes=15|sl=atr_1.00|tp=r_2.0|rf=none,M1 ejecución / M5 señal,bar_spread_column+model,320,0,0.11362176787475892,"buffer_atr=0.0, or_minutes=5, sl=atr_1.00, tp=r_2.0","buffer_atr=0.1, or_minutes=30, sl=or_opposite, tp=r_1.0",0.0069918550518425085,1.0,803,0.47571606475716066,0.006991855051842508,1.051685168934109,9.465995949942847,268,0.5447761194029851,0.007290513182560581,1.053459606556336,9.18484092780071,269,0.4944237918215613,-0.016242324310508875,0.8976446782262478,7.876440131146326,0.7511591263675621,4.59081003348001,0.06630205357237165,0.09736870724089046,0.14472661682816135,0.031525289823080095,0.002387411865693198,0.15613743107820724,0.9638893731599272,-1.997848805460145,3.4933464785362975,-0.5740749257334833,-0.78299281961218,-1.9260701141950332,-0.551353874008527,-0.016242324310508875,-0.5675507585161573,1.4659059756113053,0.8430261018143643,4,0.5,FRÁGIL: 84% del beneficio pre-OOS en un solo año; sólo 50% de ventanas WF positivas,,SIN VENTAJA: se degrada fuera de muestra,0.007066589299305107,6.4
E_tokyo_breakout_vwap,USDJPY,OK,buffer_atr=0.05|sl=range_opposite|tp=r_2.0|vwap_filter=True|rf=none,M1 ejecución / M5 señal,bar_spread_column+model,48,0,0.4722181790636819,"buffer_atr=0.05, sl=range_opposite, tp=r_2.0, vwap_filter=False","buffer_atr=0.0, sl=atr_1.00, tp=r_1.0, vwap_filter=True",0.028514197090131102,0.6666666666666666,530,0.4811320754716981,0.03730578315982214,1.1715312756580778,11.98642868598769,195,0.5128205128205128,0.019473565546240405,1.0848326734355374,8.342023552356178,184,0.5,-0.033061629080203395,0.8633483174586267,17.963533426783442,8.557228034011377,8.375062806316933,0.41069195114628265,0.6608019390534123,1.59941188757462,0.19097312158283222,0.019236601326144326,0.8840442269873339,1.2026226915819032,-2.9693810118628816,8.34438722053113,-0.7164233286118644,-1.0199144431036378,-2.8632102661106607,-0.34313008138761975,-0.033061629080203395,-0.3446824111460954,1.9457322657523153,0.5853038238329209,4,0.5,FRÁGIL: 59% del beneficio pre-OOS en un solo año; sólo 50% de ventanas WF positivas,,SIN VENTAJA: se degrada fuera de muestra,0.032509531525824295,7.4
E_tokyo_breakout_vwap,JP225,OK,buffer_atr=0.05|sl=atr_1.00|tp=trail_atr_1.0|vwap_filter=True|rf=gt_0.50,M1 ejecución / M5 señal,bar_spread_column+model,48,0,0.18162989334379692,"buffer_atr=0.05, sl=atr_1.00, tp=trail_atr_1.0, vwap_filter=True, rf=gt_0.50","buffer_atr=0.0, sl=range_opposite, tp=r_1.0, vwap_filter=False, rf=none",0.011871379155689359,0.6666666666666666,197,0.48223350253807107,0.013412419055107202,1.1229194545933012,4.4375083876675765,62,0.46774193548387094,-0.03004108549584785,0.7772481519323472,3.3437876533878566,63,0.4444444444444444,-0.001270382859168192,0.9893143579870414,2.477328544079588,0.3088164959627937,2.2576479023388396,0.052624817945890585,0.0821810015590186,0.05960580893029643,0.026401729369999204,0.0021728730838073153,0.1344431449596753,0.943458683864689,-0.0484197463158309,1.231056453280769,-0.24311452801097122,-0.3710254488243402,-0.052168084817993954,-0.042376679541353164,-0.001270382859168192,-0.039203629448452626,1.012472960025717,0.6547858884351985,4,0.25,FRÁGIL: 65% del beneficio pre-OOS en un solo año; sólo 25% de ventanas WF positivas,"NO ROBUSTA: expectancy <= 0 con spread x1.5/slip x1, spread x1/slip x2",SIN VENTAJA: se degrada fuera de muestra,0.0030104218266932513,7.8
A_asian_range_breakout,USDJPY,OK,buffer_atr=0.0|sl=range_0.50|tp=trail_swing|rf=gt_0.25,M1 ejecución / M5 señal,bar_spread_column+model,1536,0,8.863377567939108e-05,"buffer_atr=0.05, sl=atr_1.00, tp=r_3.0, rf=gt_0.25","buffer_atr=0.1, sl=range_0.50, tp=r_0.5, rf=none",0.03230477379316807,0.75,438,0.5114155251141552,0.03906738442877351,1.0923431398756809,22.66749945776501,188,0.5212765957446809,0.06439828414090086,1.1610791434192276,7.160429197403298,162,0.5308641975308642,-0.0531592869366219,0.8793815660807494,26.886059525682114,9.69277005443625,12.553643201450637,0.3175316136813344,0.4858122396956525,1.8039335177884919,0.14369800772894661,0.02615049151593833,0.6510376417657529,1.9084623957321911,-4.353018129633634,12.495616780762367,-0.6854228595562214,-0.9255619871009555,-4.198455526437172,-0.33599426103567026,-0.0531592869366219,-0.33695610111690427,3.443827797397625,0.3535806264209937,4,0.5,FRÁGIL: sólo 50% de ventanas WF positivas,,SIN VENTAJA: se degrada fuera de muestra,0.04667474728161687,8.0
D_tokyo_or_failed_breakout,USDJPY,OK,exit=tp2_opposite|min_sweep_atr=0.2|or_minutes=5|stop_buffer_atr=0.0|rf=none,M1 ejecución / M5 señal,bar_spread_column+model,192,0,0.00022166794879143595,"exit=tp2_opposite, min_sweep_atr=0.2, or_minutes=15, stop_buffer_atr=0.1","exit=split_mid_opposite, min_sweep_atr=0.0, or_minutes=60, stop_buffer_atr=0.0",-0.0005523346092584769,0.3333333333333333,189,0.746031746031746,0.0015949764497150412,1.008489411517495,8.016760280972331,72,0.75,0.025747232381310388,1.1503783261445089,5.247798146504207,69,0.6521739130434783,-0.13028653789839584,0.548646956443771,11.513311165200614,-3.2867732432398267,6.0300417584596575,-0.32277975495519623,-0.3781221069278198,-0.6437738242631053,-0.10676108890289905,-0.020710666165269166,-0.5306926291328187,1.5356988464754042,-4.313370264633543,5.481070086282109,-1.834070849041795,-2.0078741796457136,-4.160184615850593,-0.7590095638920223,-0.13028653789839584,-0.7789668180778324,2.3645368696289566,0.5802336890014208,4,0.5,FRÁGIL: 58% del beneficio pre-OOS en un solo año; sólo 50% de ventanas WF positivas; menos de la mitad de los vecinos de parámetros son positivos,"NO ROBUSTA: expectancy <= 0 con spread x1.5/slip x1, spread x1/slip x2",SIN VENTAJA: se degrada fuera de muestra,0.00825766774118962,9.4
E_tokyo_breakout_vwap,AUDJPY,OK,buffer_atr=0.0|sl=atr_1.00|tp=r_1.0|vwap_filter=True|rf=gt_0.50,M1 ejecución / M5 señal,bar_spread_column+model,48,0,0.5823486806799064,"buffer_atr=0.0, sl=atr_0.75, tp=r_2.0, vwap_filter=False, rf=gt_0.50","buffer_atr=0.05, sl=atr_1.00, tp=r_1.0, vwap_filter=True, rf=none",0.08036111866986163,1.0,125,0.552,0.08160515257004246,1.8313511482714009,3.377599548346847,36,0.3333333333333333,-0.11039676802983589,0.41142343013732935,4.356309248500027,40,0.3,-0.0840106001889533,0.5394126389126059,4.250165672369311,1.251352810835482,3.7736295511848046,0.21445879366400653,0.3296077705985867,0.24061735530478412,0.06376284477347216,0.014258390122502903,0.3165703668751743,0.4036505510222922,-1.6003979167562798,2.0054501736736348,-1.2182623381695143,-1.4820440664078536,-1.5427862377205503,-0.7692967184990865,-0.0840106001889533,-0.7980242729365015,2.0054501736736348,0.526602938351091,4,0.5,FRÁGIL: 53% del beneficio pre-OOS en un solo año; sólo 50% de ventanas WF positivas,,SIN VENTAJA: se degrada fuera de muestra,0.03867304610050445,9.6
A_asian_range_breakout,AUDJPY,OK,buffer_atr=0.0|sl=atr_0.50|tp=r_2.0|rf=btw_0.50_1.50,M1 ejecución / M5 señal,bar_spread_column+model,1536,0,0.12217000762381247,"buffer_atr=0.0, sl=atr_0.75, tp=r_3.0, rf=gt_0.50","buffer_atr=0.1, sl=range_0.50, tp=r_0.5, rf=none",0.12930717784646975,1.0,124,0.5483870967741935,0.14181588674110526,1.6934681016297621,5.149060803007667,37,0.32432432432432434,-0.24029631853415023,0.38458598171251335,9.655014984615436,41,0.2926829268292683,-0.08493237597481719,0.6932846366052036,6.261710744589866,2.4276033222979,7.639874606429651,0.2170259654149715,0.350413019750326,0.46461602019824966,0.06081461334551654,0.025801875025574194,0.29037788752637855,0.8702162667050193,-1.7225641076118348,3.016703308623437,-0.8027680513334333,-1.1510017153357657,-1.6605918637925932,-0.550465754801172,-0.08493237597481719,-0.571008790519033,3.016703308623437,0.6522130226153015,4,0.5,FRÁGIL: 65% del beneficio pre-OOS en un solo año; sólo 50% de ventanas WF positivas,,SIN VENTAJA: se degrada fuera de muestra,0.05400128055983536,10.8
A_asian_range_breakout,NZDUSD,OK,buffer_atr=0.025|sl=atr_1.25|tp=trail_atr_0.5|rf=gt_0.25,M1 ejecución / M5 señal,bar_spread_column+model,1536,0,8.006869044845092e-51,"buffer_atr=0.0, sl=atr_1.25, tp=trail_atr_1.0, rf=gt_0.25","buffer_atr=0.1, sl=range_0.50, tp=r_1.5, rf=none",-0.013196977316614174,0.0,494,0.46558704453441296,-0.01213818281321367,0.8555056084290837,8.920533565681568,170,0.4647058823529412,-0.009446161705910908,0.8860584443464392,3.177451979235907,170,0.40588235294117647,-0.03842786333420384,0.618474992415046,8.148794735136935,-6.456429068331094,7.734459607626541,-1.0116831221529285,-1.3439983528513275,-1.2815495480173578,-0.16569348254837216,-0.016948257274037242,-0.827807908984938,1.4302467347325674,-3.0103348148733278,3.7782973773074318,-2.1790092290497225,-2.638077043590527,-2.9027217665031357,-0.7682618588830435,-0.03842786333420384,-0.7948845134984506,1.3217509600493396,0.9464802296832101,4,0.0,FRÁGIL: 95% del beneficio pre-OOS en un solo año; sólo 0% de ventanas WF positivas; menos de la mitad de los vecinos de parámetros son positivos,"NO ROBUSTA: expectancy <= 0 con spread x1.5/slip x1, spread x1/slip x2",FRÁGIL,-0.011448960541765675,11.2
A_asian_range_breakout,XAUUSD,OK,buffer_atr=0.0|sl=atr_1.25|tp=r_0.5|rf=none,M1 ejecución / M5 señal,bar_spread_column+model,1536,0,1.1762461185383958e-46,"buffer_atr=0.0, sl=atr_1.25, tp=r_0.5, rf=none","buffer_atr=0.025, sl=range_0.50, tp=r_3.0, rf=gt_0.25",-0.015680135405108635,0.0,1248,0.4567307692307692,-0.014223528393788399,0.8145115492411442,19.78371704902938,419,0.47255369928400953,-0.015517136680687944,0.792091866199371,8.200889889955851,386,0.5077720207253886,0.012492978239243844,1.1826218229473486,2.6973922833909083,-8.87669387128619,9.444820170185027,-1.0651975814662058,-1.4227110278028643,-0.9844114580804475,-0.10422765498362714,-0.014478764190886742,-0.9382900258935072,4.9190600850924495,-0.2364858321050045,0.9488725920739948,-0.2993673237693318,-0.42282324774523056,-0.12598288609718677,-0.1327711298118751,-0.008939418443307529,-0.24841470630164456,0.9488725920739948,,11,0.2727272727272727,FRÁGIL: sólo 27% de ventanas WF positivas; menos de la mitad de los vecinos de parámetros son positivos,"NO ROBUSTA: expectancy <= 0 con spread x1.5/slip x1, spread x1/slip x2",FRÁGIL,-0.014548676487496205,11.8
C_tokyo_or_breakout,XAUUSD,OK,buffer_atr=0.0|or_minutes=15|sl=atr_1.00|tp=r_1.5|rf=none,M1 ejecución / M5 señal,bar_spread_column+model,320,0,1.3939182836241036e-10,"buffer_atr=0.0, or_minutes=5, sl=atr_1.00, tp=r_1.0","buffer_atr=0.1, or_minutes=30, sl=or_opposite, tp=r_3.0",-0.017729908324040748,0.0,1450,0.4710344827586207,-0.017729908324040748,0.8606068079691869,28.62083863924196,483,0.5072463768115942,-0.01232786116904647,0.8962949494800346,9.413352292847735,485,0.5319587628865979,0.0022274638322460575,1.01533721219851,9.936354352218052,-9.771085357018894,11.323131058679756,-0.5666059555202428,-0.7894964222765202,-1.0882974248154875,-0.09611276414408824,-0.014446502031210973,-0.8629314017812113,11.323131058679756,0.5377070368839387,1.7297377881694294,0.12002485112964768,0.17361568593543336,0.28593477807261625,0.1653052734514283,0.010389995952698327,0.3055691444108378,0.6734744482538846,1.0,11,0.09090909090909091,FRÁGIL: 100% del beneficio pre-OOS en un solo año; sólo 9% de ventanas WF positivas; menos de la mitad de los vecinos de parámetros son positivos,"NO ROBUSTA: expectancy <= 0 con spread x1.5/slip x1, spread x1/slip x2",FRÁGIL,-0.01638009519633137,12.0
A_asian_range_breakout,AUDUSD,OK,buffer_atr=0.0|sl=atr_1.25|tp=r_1.5|rf=gt_0.25,M1 ejecución / M5 señal,bar_spread_column+model,1536,0,6.550085896508489e-90,"buffer_atr=0.0, sl=atr_1.25, tp=r_3.0, rf=gt_0.25","buffer_atr=0.1, sl=range_0.50, tp=r_0.5, rf=none",-0.010661315704818793,0.16666666666666666,544,0.47794117647058826,-0.010661315704818791,0.8799679056101374,9.257632747200686,179,0.4581005586592179,-0.019858418405815006,0.7781878015711046,4.746612835344435,177,0.4067796610169492,-0.04052965606482476,0.6058616989730123,7.629942624810801,-7.335854799819696,8.230107202654324,-1.0598910406663664,-1.4358818175135504,-1.4615879482184124,-0.1775903900434043,-0.01836462417948477,-0.8836191734097926,1.8120182147438644,-3.367399999999765,3.5770936551061228,-2.467223107632559,-3.005725342277882,-3.2472375766111172,-0.9077865691259852,-0.04052965606482476,-0.940325598279833,1.805746827553055,1.0,4,0.0,FRÁGIL: 100% del beneficio pre-OOS en un solo año; sólo 0% de ventanas WF positivas; menos de la mitad de los vecinos de parámetros son positivos,"NO ROBUSTA: expectancy <= 0 con spread x1.5/slip x1, spread x1/slip x2",FRÁGIL,-0.012938330066476222,12.8
D_tokyo_or_failed_breakout,AUDJPY,OK,exit=tp2_opposite|min_sweep_atr=0.2|or_minutes=15|stop_buffer_atr=0.0|rf=none,M1 ejecución / M5 señal,bar_spread_column+model,192,0,4.749045573642568e-12,"exit=tp2_opposite, min_sweep_atr=0.2, or_minutes=5, stop_buffer_atr=0.1","exit=split_mid_opposite, min_sweep_atr=0.0, or_minutes=15, stop_buffer_atr=0.0",-0.022224724022444478,0.25,214,0.6915887850467289,-0.0267973753554577,0.8807960608617238,8.198434376792486,77,0.6883116883116883,-0.016683337200651693,0.9182922049235946,4.497108258652211,59,0.6949152542372882,-0.044840838035064466,0.8199245183826507,7.0850196652826725,-4.688969280430633,7.856653953901997,-0.4196574265619727,-0.49795734353303944,-0.9238016131939419,-0.11758206720242999,-0.027613899241676947,-0.5896615409412256,1.766173554471092,-1.3023598121211344,3.418621087775737,-0.433353845470105,-0.502371975779399,-1.2554084682104394,-0.3672265618145028,-0.044840838035064466,-0.3809605623677049,3.418621087775737,0.5094628869379443,4,0.0,FRÁGIL: 51% del beneficio pre-OOS en un solo año; sólo 0% de ventanas WF positivas; menos de la mitad de los vecinos de parámetros son positivos,"NO ROBUSTA: expectancy <= 0 con spread x1.5/slip x1, spread x1/slip x2",FRÁGIL,-0.024121152201093222,13.4
D_tokyo_or_failed_breakout,JP225,OK,exit=tp1_mid|min_sweep_atr=0.2|or_minutes=60|stop_buffer_atr=0.1|rf=none,M1 ejecución / M5 señal,bar_spread_column+model,192,0,2.0063438208496383e-06,"exit=tp1_mid, min_sweep_atr=0.2, or_minutes=15, stop_buffer_atr=0.1","exit=tp2_opposite, min_sweep_atr=0.0, or_minutes=30, stop_buffer_atr=0.0",-0.03984766541586191,0.0,156,0.6025641025641025,-0.03067511991592399,0.8375957258821605,8.886270880517497,43,0.6046511627906976,-0.010820691341016469,0.9512517726373566,2.9999210024393923,43,0.5116279069767442,-0.07172514030912779,0.7370659281927279,5.210093203179472,-4.149191846757527,6.396656324801171,-0.48205597552567436,-0.5808092067159777,-0.8156135267969655,-0.12750622909576395,-0.03444127879272871,-0.6373071423566369,1.4932405827620232,-1.5457063990691355,2.5853135286417666,-1.021223841304385,-1.2147205869108098,-1.6643946274715105,-0.6437883100182148,-0.07172514030912779,-0.5951773314048642,2.5853135286417666,1.0,4,0.0,FRÁGIL: 100% del beneficio pre-OOS en un solo año; sólo 0% de ventanas WF positivas; menos de la mitad de los vecinos de parámetros son positivos,"NO ROBUSTA: expectancy <= 0 con spread x1.5/slip x1, spread x1/slip x2",FRÁGIL,-0.026384967007778145,13.6
C_tokyo_or_breakout,JP225,OK,buffer_atr=0.0|or_minutes=30|sl=atr_0.75|tp=r_2.0|rf=none,M1 ejecución / M5 señal,bar_spread_column+model,320,0,0.04237093095147128,"buffer_atr=0.1, or_minutes=30, sl=atr_1.00, tp=r_2.0","buffer_atr=0.0, or_minutes=5, sl=or_opposite, tp=r_1.0",0.013897803118262322,0.7142857142857143,708,0.4759887005649718,0.014177978466997119,1.0747799097410407,15.84457020991998,236,0.4322033898305085,-0.05337301823942951,0.752863086005616,19.985485903823466,236,0.461864406779661,-0.061255501012410916,0.7256842969648191,16.60917437056082,-8.511817815331547,14.194342815641333,-0.4036866061706459,-0.5847918074196067,-1.704500791250807,-0.12008310729064167,-0.014418916770169817,-0.5684793331663479,2.2948929189448917,-7.034531253347742,8.025807140930793,-1.7794166548402373,-2.3315030579704055,-7.558135817486155,-0.941729060363342,-0.061255501012410916,-0.8764889474445946,8.025807140930793,0.4920843057342576,4,0.5,FRÁGIL: sólo 50% de ventanas WF positivas,"NO ROBUSTA: expectancy <= 0 con spread x1.5/slip x1, spread x1/slip x2",SIN VENTAJA: se degrada fuera de muestra,-0.002709770709609538,13.8
D_tokyo_or_failed_breakout,XAUUSD,OK,exit=tp2_opposite|min_sweep_atr=0.2|or_minutes=60|stop_buffer_atr=0.1|rf=none,M1 ejecución / M5 señal,bar_spread_column+model,192,0,1.6764670064946997e-11,"exit=tp2_opposite, min_sweep_atr=0.2, or_minutes=60, stop_buffer_atr=0.1","exit=split_mid_opposite, min_sweep_atr=0.0, or_minutes=5, stop_buffer_atr=0.0",-0.028807431367620165,0.0,209,0.5885167464114832,-0.029165735294196134,0.8458403997356725,11.379445885364564,68,0.6176470588235294,-7.22252566448907e-05,0.9995719112768149,3.3704031775877366,85,0.4588235294117647,-0.1195566790158388,0.5767113933323043,11.75681769670492,-5.796948326314666,7.28032031405194,-0.49050924268792223,-0.5870429997353098,-0.6335283055918239,-0.08701929012230879,-0.03535308702783029,-0.7865113671473775,1.990031545760216,-2.4573209455951317,3.012979072716803,-0.9655641037664924,-1.1334125756614966,-1.315970225975971,-0.4367671312065771,-0.08360462663885586,-0.8137306780322547,1.5387539010472648,0.4409125547837983,11,0.2727272727272727,FRÁGIL: sólo 27% de ventanas WF positivas; menos de la mitad de los vecinos de parámetros son positivos,"NO ROBUSTA: expectancy <= 0 con spread x1.5/slip x1, spread x1/slip x2",FRÁGIL,-0.022023646187504853,13.8
C_tokyo_or_breakout,AUDJPY,OK,buffer_atr=0.1|or_minutes=60|sl=atr_1.00|tp=r_1.5|rf=none,M1 ejecución / M5 señal,bar_spread_column+model,320,0,0.0022842602506726495,"buffer_atr=0.1, or_minutes=60, sl=atr_1.00, tp=r_2.0","buffer_atr=0.025, or_minutes=5, sl=or_opposite, tp=r_1.0",0.0023070125398484795,0.6,697,0.47776183644189385,0.0025312604863940414,1.018381183924692,10.005620933511754,230,0.4217391304347826,-0.058256517649990854,0.5966401903883338,14.153543889931491,228,0.4692982456140351,-0.04428147316397755,0.7175085167620369,11.144024350885173,-10.074550032438124,10.956772976203439,-0.7579785436704377,-1.069924392019248,-2.031235024169986,-0.18538624726290684,-0.01881462024404167,-0.9116343503607888,2.698420190381194,-4.722994881540632,5.154654353874728,-1.7016597371085291,-2.123678050719699,-4.555610912016938,-0.8837859144895931,-0.04428147316397755,-0.9133192928653777,1.00167451864976,1.0,4,0.25,FRÁGIL: 100% del beneficio pre-OOS en un solo año; sólo 25% de ventanas WF positivas,"NO ROBUSTA: expectancy <= 0 con spread x1.5/slip x1, spread x1/slip x2",SIN VENTAJA: se degrada fuera de muestra,-0.012550928263733819,14.0
B_asian_failed_breakout,AUDUSD,OK,exit=tp2_opposite|min_sweep_atr=0.1|stop_buffer_atr=0.1|rf=none,M1 ejecución / M5 señal,bar_spread_column+model,288,0,3.0486579941518296e-25,"exit=tp2_opposite, min_sweep_atr=0.1, stop_buffer_atr=0.1, rf=none","exit=split_mid_opposite, min_sweep_atr=0.0, stop_buffer_atr=0.0, rf=gt_0.25",-0.07565532725468033,0.25,254,0.46062992125984253,-0.05121367050531173,0.8319297138057088,19.281779709104825,90,0.4888888888888889,-0.08196298703040891,0.7317175921814421,13.362832333692525,76,0.42105263157894735,-0.025087118410248705,0.9211415096593807,7.823543478303202,-10.548603548126467,14.58367937893227,-0.6639741946744113,-0.9351520733808868,-2.1312548881929017,-0.14613972460692834,-0.05307514795301164,-0.7015978468145025,3.5541301752708137,-1.0979369200567302,3.807366580824744,-0.2929090793645047,-0.462195636758006,-1.0583156562255502,-0.2779652638533955,-0.025087118410248705,-0.2826401112863685,1.2606105735858437,0.6008967106324485,4,0.0,FRÁGIL: 60% del beneficio pre-OOS en un solo año; sólo 0% de ventanas WF positivas; menos de la mitad de los vecinos de parámetros son positivos,"NO ROBUSTA: expectancy <= 0 con spread x1.5/slip x1, spread x1/slip x2",FRÁGIL,-0.05925854982873832,16.8
B_asian_failed_breakout,EURJPY,OK,exit=tp2_opposite|min_sweep_atr=0.1|stop_buffer_atr=0.025|rf=gt_0.25,M1 ejecución / M5 señal,bar_spread_column+model,288,0,1.227148038524378e-12,"exit=tp1_mid, min_sweep_atr=0.1, stop_buffer_atr=0.1, rf=none","exit=split_mid_opposite, min_sweep_atr=0.0, stop_buffer_atr=0.0, rf=gt_0.25",-0.08076768723388668,0.16666666666666666,150,0.4266666666666667,-0.07648633101807376,0.8363417749528081,25.29008382978862,53,0.49056603773584906,0.030036870756507576,1.0783642712064783,6.521558647905644,71,0.38028169014084506,-0.23477527191601474,0.585750203577789,21.642311539452454,-12.759862286020418,15.407184836589604,-0.7460909981386272,-1.0591286020739532,-2.603534223609849,-0.16898182576656515,-0.09689795550603361,-0.8129028621933456,3.5515203824747896,-7.955922918829639,10.143560177913802,-1.9728249441913612,-2.5508877353611754,-7.659254371364677,-0.7550854174495502,-0.23477527191601474,-0.7749823865585874,2.3728486014021657,0.5689362634903419,4,0.25,FRÁGIL: 57% del beneficio pre-OOS en un solo año; sólo 25% de ventanas WF positivas; menos de la mitad de los vecinos de parámetros son positivos,"NO ROBUSTA: expectancy <= 0 con spread x1.5/slip x1, spread x1/slip x2",FRÁGIL,-0.04867485469269046,18.0
B_asian_failed_breakout,XAUUSD,OK,exit=tp2_opposite|min_sweep_atr=0.1|stop_buffer_atr=0.1|rf=gt_0.25,M1 ejecución / M5 señal,bar_spread_column+model,288,0,1.6352640896372876e-07,"exit=tp2_opposite, min_sweep_atr=0.1, stop_buffer_atr=0.1, rf=gt_0.25","exit=tp1_mid, min_sweep_atr=0.0, stop_buffer_atr=0.0, rf=none",-0.12895051030658658,0.0,197,0.4467005076142132,-0.11070680199914375,0.6822526366911382,21.809239993831312,52,0.5,0.013343776910373393,1.049931277723777,4.797694659889153,97,0.4020618556701031,-0.13791752287793868,0.5547642848579999,16.4711596833733,-14.131720854548234,15.058460854548139,-0.827975398989803,-1.1075305294829214,-1.6083682681200528,-0.10680827766233984,-0.09600816546205167,-0.9384571896854921,15.058460854548139,-4.598239860142206,5.6206498601421115,-1.30292569824933,-1.647997348350642,-2.475188997187694,-0.44037416647140365,-0.12452463677609633,-0.8180975464687533,5.6206498601421115,1.0,11,0.18181818181818182,FRÁGIL: 100% del beneficio pre-OOS en un solo año; sólo 18% de ventanas WF positivas; menos de la mitad de los vecinos de parámetros son positivos,"NO ROBUSTA: expectancy <= 0 con spread x1.5/slip x1, spread x1/slip x2",FRÁGIL,-0.08480065700599158,18.6
B_asian_failed_breakout,JP225,OK,exit=tp1_mid|min_sweep_atr=0.05|stop_buffer_atr=0.1|rf=gt_0.25,M1 ejecución / M5 señal,bar_spread_column+model,264,0,9.443374264173244e-16,"exit=tp1_mid, min_sweep_atr=0.1, stop_buffer_atr=0.1, rf=none","exit=tp2_opposite, min_sweep_atr=0.0, stop_buffer_atr=0.0, rf=gt_0.50",-0.11077583330032967,0.0,305,0.4885245901639344,-0.1069462700868337,0.7313951777024965,42.72517504534306,101,0.40594059405940597,-0.1643092584912735,0.6387384530567587,19.72520924420823,92,0.4891304347826087,-0.04864884415114893,0.8771731071359976,8.10303170469162,-23.861066909050223,24.24634025001738,-1.283410476734254,-1.6779802495719167,-5.131935157705769,-0.2116581349922321,-0.10781032358636267,-0.9791303110243392,24.24634025001738,-2.2942892229161904,4.001196910635587,-0.5649705866557951,-0.7929919236651536,-2.469732928475832,-0.6172485342850864,-0.04864884415114893,-0.5633834826688888,1.982184743389515,,4,0.5,FRÁGIL: sólo 50% de ventanas WF positivas; menos de la mitad de los vecinos de parámetros son positivos,"NO ROBUSTA: expectancy <= 0 con spread x1.5/slip x1, spread x1/slip x2",FRÁGIL,-0.12121637311355395,20.2
B_asian_failed_breakout,AUDJPY,OK,exit=tp1_mid|min_sweep_atr=0.1|stop_buffer_atr=0.1|rf=none,M1 ejecución / M5 señal,bar_spread_column+model,264,0,4.870082357442069e-27,"exit=tp1_mid, min_sweep_atr=0.1, stop_buffer_atr=0.1, rf=none","exit=tp2_opposite, min_sweep_atr=0.0, stop_buffer_atr=0.0, rf=gt_0.50",-0.14796012652808924,0.0,255,0.49019607843137253,-0.15241024349135915,0.5610913132639783,42.82128758481603,84,0.5595238095238095,-0.0512861973995232,0.8168275869726338,7.56024220335929,77,0.4935064935064935,-0.1158865604616171,0.6586336842538226,11.812753682054215,-22.783728634883225,23.382105280450144,-1.734649513122954,-2.062974498514585,-4.873989080633234,-0.20844953960191057,-0.1252305717004833,-0.9729035116104408,12.713238962709541,-4.362039452172251,5.729283439622628,-1.594051280300626,-1.9058843767904272,-4.207163622439891,-0.7343263196482744,-0.1158865604616171,-0.7553405574004327,5.729283439622628,,4,0.25,FRÁGIL: sólo 25% de ventanas WF positivas; menos de la mitad de los vecinos de parámetros son positivos,"NO ROBUSTA: expectancy <= 0 con spread x1.5/slip x1, spread x1/slip x2",FRÁGIL,-0.12735295773409006,20.8
B_asian_failed_breakout,USDJPY,OK,exit=tp1_mid|min_sweep_atr=0.05|stop_buffer_atr=0.025|rf=none,M1 ejecución / M5 señal,bar_spread_column+model,288,0,1.01633275510552e-11,"exit=tp1_mid, min_sweep_atr=0.1, stop_buffer_atr=0.05, rf=none","exit=split_mid_opposite, min_sweep_atr=0.0, stop_buffer_atr=0.0, rf=gt_0.25",-0.1253825497166514,0.0,397,0.45843828715365237,-0.1174681240683772,0.7568493092199502,54.90402384600816,143,0.4755244755244755,-0.07785291632803097,0.8299618888159369,19.60812076213182,144,0.4583333333333333,-0.19977725842631713,0.592645258309779,28.767925213389663,-35.20475012162878,36.40800498271831,-1.5316071359702075,-2.0832584681185735,-8.044021604257845,-0.22094101580342232,-0.12651423611614598,-0.9489944336833575,12.42981537413215,-13.381426965125687,13.381426965125684,-2.7067306626541257,-3.336330979178085,-12.928810580639471,-0.9661757758970094,-0.19977725842631713,-1.0,13.381426965125684,,4,0.0,FRÁGIL: sólo 0% de ventanas WF positivas; menos de la mitad de los vecinos de parámetros son positivos,"NO ROBUSTA: expectancy <= 0 con spread x1.5/slip x1, spread x1/slip x2",FRÁGIL,-0.106977430166767,21.2
B_asian_failed_breakout,NZDUSD,OK,exit=tp2_opposite|min_sweep_atr=0.1|stop_buffer_atr=0.1|rf=gt_0.25,M1 ejecución / M5 señal,bar_spread_column+model,288,0,1.7175774961648082e-15,"exit=tp2_opposite, min_sweep_atr=0.1, stop_buffer_atr=0.1, rf=none","exit=tp1_mid, min_sweep_atr=0.0, stop_buffer_atr=0.0, rf=gt_0.25",-0.1752413928568086,0.0,193,0.39378238341968913,-0.16818769969371014,0.5749680866841521,33.33263213790111,65,0.36923076923076925,-0.18472552369109707,0.4727569038965493,12.212211746577616,65,0.35384615384615387,-0.20843146042789343,0.5019821772378044,16.04394625615711,-24.882881634057952,25.11288163405794,-1.986364120654353,-2.4239799669182736,-5.379322566430178,-0.21420570704776362,-0.17961433439201377,-0.9908413537183217,25.11288163405794,-6.552311413760837,7.679078731657575,-2.1702573638235014,-2.5890968526703664,-6.322276800448357,-0.8233118869304333,-0.20843146042789343,-0.8455237519233693,2.7033928966113607,,4,0.0,FRÁGIL: sólo 0% de ventanas WF positivas; menos de la mitad de los vecinos de parámetros son positivos,"NO ROBUSTA: expectancy <= 0 con spread x1.5/slip x1, spread x1/slip x2",FRÁGIL,-0.17235420573956345,24.2
