strategy,symbol,cid,is_trades,is_expectancy_R,is_robust_expectancy_R,is_profit_factor,val_expectancy_R,oos_expectancy_R
A_asian_range_breakout,AUDJPY,buffer_atr=0.0|sl=range_0.50|tp=r_2.0|rf=gt_0.50,126,0.2222096001979842,0.1548533415650082,1.6978830413533625,-0.40468998144469615,-0.13535945942031788
A_asian_range_breakout,AUDJPY,buffer_atr=0.0|sl=range_0.50|tp=r_2.0|rf=btw_0.50_1.50,124,0.21366283477615816,0.14361608410004278,1.6686315917588994,-0.40468998144469615,-0.13535945942031788
A_asian_range_breakout,AUDJPY,buffer_atr=0.0|sl=range_0.50|tp=r_3.0|rf=gt_0.50,126,0.18840372100202016,0.1367387540889068,1.5917105367996294,-0.3776629544176691,-0.18759604620945078
A_asian_range_breakout,AUDJPY,buffer_atr=0.0|sl=range_0.50|tp=r_3.0|rf=btw_0.50_1.50,124,0.1861480415771814,0.1410392893264251,1.5825274267887843,-0.3776629544176691,-0.18759604620945078
A_asian_range_breakout,AUDJPY,buffer_atr=0.0|sl=range_0.50|tp=trail_atr_1.0|rf=gt_0.50,126,0.16146156204762002,0.1244748013224284,1.5489938086015993,-0.4012311657983118,-0.17024872033840563
A_asian_range_breakout,AUDJPY,buffer_atr=0.0|sl=range_0.50|tp=trail_atr_1.0|rf=btw_0.50_1.50,124,0.16116363503526748,0.1239748349863169,1.546577229582588,-0.4012311657983118,-0.17024872033840563
A_asian_range_breakout,AUDJPY,buffer_atr=0.0|sl=range_0.50|tp=r_1.5|rf=gt_0.50,126,0.1548533415650082,0.12136329749652498,1.4863404680933285,-0.4152519636031524,-0.16107753895068452
A_asian_range_breakout,AUDJPY,buffer_atr=0.0|sl=range_0.50|tp=trail_swing|rf=btw_0.50_1.50,124,0.1505922224216008,0.11597779826702762,1.5107248897052454,-0.39346928767532957,-0.18274238065352777
A_asian_range_breakout,AUDJPY,buffer_atr=0.0|sl=range_0.50|tp=trail_swing|rf=gt_0.50,126,0.14999982422224042,0.11059106137461885,1.5100221609713582,-0.39346928767532957,-0.18274238065352777
A_asian_range_breakout,AUDJPY,buffer_atr=0.0|sl=range_0.50|tp=r_1.5|rf=btw_0.50_1.50,124,0.1492524429394245,0.12990032768230242,1.4670671836823699,-0.4152519636031524,-0.16107753895068452
