train_start,train_end,test_start,test_end,selected_cfg,train_expectancy_R,train_trades,wf_test_trades,wf_test_expectancy_R,wf_test_net_R,wf_test_pf,final_test_trades,final_test_expectancy_R,final_test_net_R,final_test_pf,strategy,symbol
2021-08-06,2023-08-06,2023-08-06,2024-02-06,buffer_atr=0.05|sl=range_1.00|tp=r_3.0|rf=none,0.03547749707676609,347,86,-0.06066204746432866,-5.216936081932265,0.8070266903289887,61,0.03617030617023581,2.2063886763843845,1.0902683855090005,A_asian_range_breakout,USDJPY
2022-02-06,2024-02-06,2024-02-06,2024-08-06,buffer_atr=0.0|sl=atr_0.50|tp=r_3.0|rf=gt_0.25,0.026927148122117175,289,54,0.2174347009745082,11.741473852623443,2.194013420136127,54,0.31421668363704414,16.967700916400382,2.0177754988461474,A_asian_range_breakout,USDJPY
2022-08-06,2024-08-06,2024-08-06,2025-02-06,buffer_atr=0.025|sl=range_0.50|tp=trail_swing|rf=gt_0.25,0.07876584144005186,245,77,-0.02711176824437468,-2.0876061548168505,0.943189073029391,84,-0.0032665404031318166,-0.2743893938630726,0.9928417764090675,A_asian_range_breakout,USDJPY
2023-02-06,2025-02-06,2025-02-06,2025-08-06,buffer_atr=0.025|sl=range_0.50|tp=trail_swing|rf=gt_0.25,0.057830402884921216,259,82,0.09289440248024586,7.617341003380161,1.2484344607990645,95,0.1065775255477732,10.124864927038454,1.2928224179491308,A_asian_range_breakout,USDJPY
2021-08-06,2023-08-06,2023-08-06,2024-02-06,exit=tp2_opposite|min_sweep_atr=0.05|stop_buffer_atr=0.0|rf=none,-0.05260522771417896,255,69,-0.4717970659431994,-32.55399755008076,0.26625158322699166,69,-0.30292106087664067,-20.901553200488205,0.43598481883648543,B_asian_failed_breakout,USDJPY
2022-02-06,2024-02-06,2024-02-06,2024-08-06,exit=tp1_mid|min_sweep_atr=0.05|stop_buffer_atr=0.1|rf=none,-0.1125156859680046,255,57,-0.30470124337247345,-17.367970872230988,0.34455184364722086,57,-0.29006369562936407,-16.533630650873754,0.4641759376472137,B_asian_failed_breakout,USDJPY
2022-08-06,2024-08-06,2024-08-06,2025-02-06,exit=tp2_opposite|min_sweep_atr=0.1|stop_buffer_atr=0.1|rf=none,-0.15933502354150103,135,37,-0.17153765011760627,-6.346893054351432,0.5516536051308628,68,0.032852226780380904,2.2339514210659015,1.0769947241593296,B_asian_failed_breakout,USDJPY
2023-02-06,2025-02-06,2025-02-06,2025-08-06,exit=tp1_mid|min_sweep_atr=0.05|stop_buffer_atr=0.1|rf=none,-0.14216723118558874,260,68,-0.13569870230804917,-9.227511756947344,0.6294700891680659,68,-0.22888542637389353,-15.56420899342476,0.5582979580879339,B_asian_failed_breakout,USDJPY
2021-08-06,2023-08-06,2023-08-06,2024-02-06,buffer_atr=0.0|or_minutes=5|sl=atr_1.00|tp=r_2.0|rf=none,0.0029675792964476344,517,129,0.024865973873391255,3.207710629667472,1.2240105755687452,129,0.01502441183678678,1.9381491269454947,1.1238206143843672,C_tokyo_or_breakout,USDJPY
2022-02-06,2024-02-06,2024-02-06,2024-08-06,buffer_atr=0.0|or_minutes=5|sl=atr_0.50|tp=r_3.0|rf=none,0.024549811825890628,521,131,0.0143418352545748,1.8787804183492987,1.0523142540014594,130,0.04149048071462581,5.393762492901356,1.3368085217597603,C_tokyo_or_breakout,USDJPY
2022-08-06,2024-08-06,2024-08-06,2025-02-06,buffer_atr=0.05|or_minutes=60|sl=or_opposite|tp=r_3.0|rf=none,-0.008481196695962449,526,138,-0.03573745970827168,-4.931769439741491,0.9054272584353881,130,0.02417995959691136,3.143394747598477,1.1901647340179944,C_tokyo_or_breakout,USDJPY
2023-02-06,2025-02-06,2025-02-06,2025-08-06,buffer_atr=0.0|or_minutes=5|sl=atr_0.50|tp=r_3.0|rf=none,0.028760017870753087,524,129,-0.040227302987909115,-5.189322085440276,0.8705695295775412,129,-0.028138851057317824,-3.629911786393999,0.8193667202144558,C_tokyo_or_breakout,USDJPY
2021-08-06,2023-08-06,2023-08-06,2024-02-06,exit=tp2_opposite|min_sweep_atr=0.2|or_minutes=15|stop_buffer_atr=0.0|rf=none,0.05356354497913622,129,16,-0.283893379915822,-4.542294078653152,0.2758650047297607,12,-0.24226667355865908,-2.907200082703909,0.2770808855575317,D_tokyo_or_failed_breakout,USDJPY
2022-02-06,2024-02-06,2024-02-06,2024-08-06,exit=tp2_opposite|min_sweep_atr=0.2|or_minutes=15|stop_buffer_atr=0.025|rf=none,0.0037668199644966347,118,29,0.09838266063409633,2.8530971583887936,1.6842553219520544,29,0.10789317419057963,3.128902051526809,2.01541117708432,D_tokyo_or_failed_breakout,USDJPY
2022-08-06,2024-08-06,2024-08-06,2025-02-06,exit=tp1_mid|min_sweep_atr=0.2|or_minutes=60|stop_buffer_atr=0.0|rf=none,0.008612921588085326,74,28,0.11203430362780117,3.1369605015784328,1.893461052300688,42,-0.07646728745937452,-3.21162607329373,0.680534063823,D_tokyo_or_failed_breakout,USDJPY
2023-02-06,2025-02-06,2025-02-06,2025-08-06,exit=tp1_mid|min_sweep_atr=0.2|or_minutes=60|stop_buffer_atr=0.0|rf=none,0.040202196813859614,90,22,-0.10207939568025579,-2.2457467049656272,0.6167793245597801,32,0.11966367695342581,3.829237662509626,2.188289384313863,D_tokyo_or_failed_breakout,USDJPY
2021-08-06,2023-08-06,2023-08-06,2024-02-06,buffer_atr=0.05|sl=range_opposite|tp=r_2.0|vwap_filter=False|rf=none,0.009545456321048598,347,86,-0.013141461949619923,-1.1301657276673134,0.9428790316142898,86,-0.013058578499998637,-1.1230377509998828,0.9432392946446638,E_tokyo_breakout_vwap,USDJPY
2022-02-06,2024-02-06,2024-02-06,2024-08-06,buffer_atr=0.0|sl=atr_1.00|tp=r_2.0|vwap_filter=True|rf=none,0.008234175846749356,414,102,0.07772359433794186,7.9278066224700705,2.0157841644524117,80,0.1775618095826008,14.204944766608063,1.9755263022863148,E_tokyo_breakout_vwap,USDJPY
2022-08-06,2024-08-06,2024-08-06,2025-02-06,buffer_atr=0.0|sl=atr_0.75|tp=r_2.0|vwap_filter=False|rf=none,0.02908316541025924,423,112,-0.031191272135153093,-3.493422479137146,0.8108226931185688,92,0.012421817839689374,1.1428072412514223,1.0469118318966681,E_tokyo_breakout_vwap,USDJPY
2023-02-06,2025-02-06,2025-02-06,2025-08-06,buffer_atr=0.05|sl=range_opposite|tp=r_2.0|vwap_filter=True|rf=none,0.02837486685492596,351,93,0.035067635496560494,3.261290101180126,1.185192334284878,93,0.035067635496560494,3.261290101180126,1.185192334284878,E_tokyo_breakout_vwap,USDJPY
2021-08-06,2023-08-06,2023-08-06,2024-02-06,buffer_atr=0.0|sl=range_0.50|tp=r_2.0|rf=btw_0.50_1.50,0.16283882729787102,81,15,0.3203034401672663,4.804551602508995,2.1657610352280665,15,0.2991138109245248,4.486707163867872,3.2665698879760217,A_asian_range_breakout,AUDJPY
2022-02-06,2024-02-06,2024-02-06,2024-08-06,buffer_atr=0.0|sl=range_0.50|tp=r_2.0|rf=btw_0.50_1.50,0.1929332183689668,78,24,0.33838782725574984,8.121307854137996,2.553892807690446,24,0.22696128206550073,5.447070769572018,2.676410459854644,A_asian_range_breakout,AUDJPY
2022-08-06,2024-08-06,2024-08-06,2025-02-06,buffer_atr=0.0|sl=atr_0.50|tp=trail_atr_0.5|rf=btw_0.50_1.50,0.16325149587721685,74,20,-0.4026429510668195,-8.05285902133639,0.220098444964871,20,-0.35558094387558603,-7.111618877511721,0.3112554675683198,A_asian_range_breakout,AUDJPY
2023-02-06,2025-02-06,2025-02-06,2025-08-06,buffer_atr=0.05|sl=range_0.50|tp=r_3.0|rf=gt_0.50,0.15207848805119722,66,10,-0.45175814914521173,-4.517581491452117,0.25974306841236905,16,-0.19428232661513054,-3.1085172258420886,0.385687549329192,A_asian_range_breakout,AUDJPY
2021-08-06,2023-08-06,2023-08-06,2024-02-06,exit=tp2_opposite|min_sweep_atr=0.1|stop_buffer_atr=0.1|rf=none,-0.12709989322736925,167,47,-0.22211152833712164,-10.439241831844717,0.3650801429493928,47,-0.18115757352519493,-8.514405955684161,0.46022565421092587,B_asian_failed_breakout,AUDJPY
2022-02-06,2024-02-06,2024-02-06,2024-08-06,exit=tp1_mid|min_sweep_atr=0.1|stop_buffer_atr=0.1|rf=none,-0.18777045527316294,173,33,-0.2929254822285902,-9.666540913543477,0.2851180965281804,33,-0.2929254822285902,-9.666540913543477,0.2851180965281804,B_asian_failed_breakout,AUDJPY
2022-08-06,2024-08-06,2024-08-06,2025-02-06,exit=tp1_mid|min_sweep_atr=0.05|stop_buffer_atr=0.1|rf=none,-0.16456926651031678,271,75,0.0636668801926399,4.775016014447993,1.2103958317095402,42,0.1294142714965045,5.435399402853189,1.7862609067450734,B_asian_failed_breakout,AUDJPY
2023-02-06,2025-02-06,2025-02-06,2025-08-06,exit=tp1_mid|min_sweep_atr=0.05|stop_buffer_atr=0.1|rf=none,-0.08724980301481408,273,64,-0.11596684486882977,-7.421878071605105,0.6903962068053242,40,-0.09116499498412822,-3.646599799365129,0.7135822873864621,B_asian_failed_breakout,AUDJPY
2021-08-06,2023-08-06,2023-08-06,2024-02-06,buffer_atr=0.025|or_minutes=60|sl=or_opposite|tp=r_3.0|rf=none,0.04214438302869537,633,157,-0.1649749518611687,-25.901067442203484,0.6701184074828259,104,0.003300888987060379,0.3432924546542794,1.0260395995843232,C_tokyo_or_breakout,AUDJPY
2022-02-06,2024-02-06,2024-02-06,2024-08-06,buffer_atr=0.1|or_minutes=60|sl=or_opposite|tp=r_3.0|rf=none,0.027508673594614688,481,123,0.01821154090942728,2.2400195318595553,1.0504324461310723,114,0.01598868808022711,1.8227104411458908,1.1146858222211928,C_tokyo_or_breakout,AUDJPY
2022-08-06,2024-08-06,2024-08-06,2025-02-06,buffer_atr=0.1|or_minutes=60|sl=atr_0.75|tp=r_2.0|rf=none,0.019927198519920288,447,115,-0.057121910580739226,-6.569019716785011,0.6951689651907148,114,-0.04358625559276114,-4.96883313757477,0.6933642267826362,C_tokyo_or_breakout,AUDJPY
2023-02-06,2025-02-06,2025-02-06,2025-08-06,buffer_atr=0.025|or_minutes=60|sl=atr_1.00|tp=r_1.5|rf=none,-0.0031026682117755223,505,125,-0.06492678386297959,-8.115847982872449,0.5805389427889671,107,-0.06485502820561614,-6.939488018000927,0.5460676754771351,C_tokyo_or_breakout,AUDJPY
2021-08-06,2023-08-06,2023-08-06,2024-02-06,exit=tp2_opposite|min_sweep_atr=0.2|or_minutes=5|stop_buffer_atr=0.025|rf=none,0.029479980630284175,114,27,-0.02887625566475289,-0.7796589029483281,0.8189243269051169,36,-0.03906696848838458,-1.406410865581845,0.8229417559201286,D_tokyo_or_failed_breakout,AUDJPY
2022-02-06,2024-02-06,2024-02-06,2024-08-06,exit=tp2_opposite|min_sweep_atr=0.2|or_minutes=5|stop_buffer_atr=0.025|rf=none,-0.001713499740258211,117,22,-0.10733343381386705,-2.361335543905075,0.5149253612341529,32,0.029467415856893907,0.942957307420605,1.1919238422783,D_tokyo_or_failed_breakout,AUDJPY
2022-08-06,2024-08-06,2024-08-06,2025-02-06,exit=tp2_opposite|min_sweep_atr=0.2|or_minutes=15|stop_buffer_atr=0.1|rf=none,-0.004239075903179573,129,40,-0.07329257286800649,-2.9317029147202596,0.6372573863859806,40,-0.058797313699449384,-2.3518925479779753,0.7477708350485653,D_tokyo_or_failed_breakout,AUDJPY
2023-02-06,2025-02-06,2025-02-06,2025-08-06,exit=tp2_opposite|min_sweep_atr=0.2|or_minutes=30|stop_buffer_atr=0.025|rf=none,-0.0032274703168928952,137,32,-0.06155553610889687,-1.9697771554847,0.7659865353129822,38,-0.06137358598294629,-2.332196267351959,0.729982536069079,D_tokyo_or_failed_breakout,AUDJPY
2021-08-06,2023-08-06,2023-08-06,2024-02-06,buffer_atr=0.0|sl=atr_0.75|tp=r_1.5|vwap_filter=False|rf=gt_0.50,0.07405699759093297,81,15,0.17315153882385084,2.5972730823577628,2.9681140570296747,15,0.14955690546226247,2.243353581933937,3.2665698879760146,E_tokyo_breakout_vwap,AUDJPY
2022-02-06,2024-02-06,2024-02-06,2024-08-06,buffer_atr=0.0|sl=range_opposite|tp=r_2.0|vwap_filter=True|rf=gt_0.50,0.08707451569126375,79,25,0.15824838356735996,3.9562095891839992,2.4774383493521914,25,0.14072941225189997,3.518235306297499,2.923802372745768,E_tokyo_breakout_vwap,AUDJPY
2022-08-06,2024-08-06,2024-08-06,2025-02-06,buffer_atr=0.0|sl=atr_0.75|tp=r_1.5|vwap_filter=False|rf=gt_0.50,0.09141818692432176,76,20,-0.20942927722711024,-4.188585544542205,0.3347622123592461,19,-0.14319173384157088,-2.720642942989847,0.37132379339260835,E_tokyo_breakout_vwap,AUDJPY
2023-02-06,2025-02-06,2025-02-06,2025-08-06,buffer_atr=0.05|sl=atr_0.75|tp=r_2.0|vwap_filter=False|rf=gt_0.50,0.07974866121836306,66,10,-0.09309222665946143,-0.9309222665946143,0.5195796293748849,16,-0.08119976597102367,-1.2991962555363787,0.4289287296894056,E_tokyo_breakout_vwap,AUDJPY
2021-08-06,2023-08-06,2023-08-06,2024-02-06,buffer_atr=0.0|sl=range_0.50|tp=r_3.0|rf=gt_0.25,0.11531238046454893,382,97,-0.29413376690773263,-28.530975390050067,0.4879277566721615,94,-0.03563384116547602,-3.349581069554746,0.5587634847663684,A_asian_range_breakout,AUDUSD
2022-02-06,2024-02-06,2024-02-06,2024-08-06,buffer_atr=0.0|sl=range_0.75|tp=r_3.0|rf=gt_0.25,0.004202156383916832,387,87,-0.16018101652728087,-13.935748437873436,0.6257718945986305,79,-0.03699863480463029,-2.9228921495657927,0.6565203368451117,A_asian_range_breakout,AUDUSD
2022-08-06,2024-08-06,2024-08-06,2025-02-06,buffer_atr=0.1|sl=atr_1.25|tp=trail_atr_0.5|rf=gt_0.25,-0.01062818756516846,221,54,-0.09250177832677994,-4.995096029646117,0.2964116238608384,78,-0.04141440260704111,-3.2303234033492063,0.571285844530309,A_asian_range_breakout,AUDUSD
2023-02-06,2025-02-06,2025-02-06,2025-08-06,buffer_atr=0.0|sl=atr_1.25|tp=r_2.0|rf=gt_0.25,-0.021210596429584994,346,93,-0.009152108682307898,-0.8511461074546346,0.8842867981473873,93,-0.009152108682307898,-0.8511461074546346,0.8842867981473873,A_asian_range_breakout,AUDUSD
2021-08-06,2023-08-06,2023-08-06,2024-02-06,exit=tp2_opposite|min_sweep_atr=0.1|stop_buffer_atr=0.1|rf=gt_0.25,-0.05156028150005651,130,36,-0.09174203876437856,-3.302713395517628,0.7187820580037833,40,-0.08264560475460361,-3.3058241901841443,0.7351383368913816,B_asian_failed_breakout,AUDUSD
2022-02-06,2024-02-06,2024-02-06,2024-08-06,exit=tp2_opposite|min_sweep_atr=0.05|stop_buffer_atr=0.1|rf=none,-0.0856857855493365,300,67,-0.1371152215095227,-9.186719841138022,0.6264620868296805,33,-0.01254030335291618,-0.4138300106462339,0.9452800058907588,B_asian_failed_breakout,AUDUSD
2022-08-06,2024-08-06,2024-08-06,2025-02-06,exit=tp2_opposite|min_sweep_atr=0.05|stop_buffer_atr=0.1|rf=none,-0.05812952360125355,291,77,-0.19935003237474527,-15.349952492855385,0.5606895280923414,49,-0.1130295478824313,-5.5384478462391336,0.6294919243741338,B_asian_failed_breakout,AUDUSD
2023-02-06,2025-02-06,2025-02-06,2025-08-06,exit=tp2_opposite|min_sweep_atr=0.1|stop_buffer_atr=0.1|rf=none,-0.1135777035179736,163,39,-0.059464646560055276,-2.3191212158421557,0.8026244650174249,39,-0.059464646560055276,-2.3191212158421557,0.8026244650174249,B_asian_failed_breakout,AUDUSD
2021-08-06,2023-08-06,2023-08-06,2024-02-06,buffer_atr=0.0|sl=atr_0.50|tp=r_2.0|rf=gt_0.25,0.004673356760056488,348,90,-0.09788937884554486,-8.810044096099038,0.5973602279893674,83,-0.031413824285093095,-2.6073474156627268,0.624057737682451,A_asian_range_breakout,NZDUSD
2022-02-06,2024-02-06,2024-02-06,2024-08-06,buffer_atr=0.0|sl=atr_1.00|tp=r_0.5|rf=gt_0.25,-0.009388931100967158,350,80,-0.042734316549483,-3.4187453239586403,0.6075914588900767,73,-0.03456965912728162,-2.5235851162915584,0.6274835546928963,A_asian_range_breakout,NZDUSD
2022-08-06,2024-08-06,2024-08-06,2025-02-06,buffer_atr=0.0|sl=atr_1.25|tp=r_1.5|rf=gt_0.25,-0.016675109475314667,332,87,-0.023086723335409943,-2.008544930180665,0.7485216070553039,79,-0.026611614536699826,-2.102317548399286,0.7063312275699967,A_asian_range_breakout,NZDUSD
2023-02-06,2025-02-06,2025-02-06,2025-08-06,buffer_atr=0.0|sl=atr_1.25|tp=r_1.0|rf=gt_0.25,-0.02003879427909062,341,91,-0.008800652950796089,-0.8008594185224441,0.8993714286712189,87,0.002883769766574362,0.2508879696919695,1.0390162818576092,A_asian_range_breakout,NZDUSD
2021-08-06,2023-08-06,2023-08-06,2024-02-06,exit=tp2_opposite|min_sweep_atr=0.1|stop_buffer_atr=0.1|rf=none,-0.06313218948190936,173,38,-0.14522703527286468,-5.518627340368858,0.5918006826061144,31,-0.14128474853287265,-4.379827204519052,0.6149280791899994,B_asian_failed_breakout,NZDUSD
2022-02-06,2024-02-06,2024-02-06,2024-08-06,exit=tp2_opposite|min_sweep_atr=0.1|stop_buffer_atr=0.1|rf=none,-0.021740621550035037,172,33,-0.3055483446761635,-10.083095374313395,0.20727435407537603,28,-0.35095824532262093,-9.826830869033387,0.16924708866239127,B_asian_failed_breakout,NZDUSD
2022-08-06,2024-08-06,2024-08-06,2025-02-06,exit=tp2_opposite|min_sweep_atr=0.05|stop_buffer_atr=0.1|rf=none,-0.07456428017862528,281,70,-0.2838765993943021,-19.871361957601145,0.43506793145398365,29,-0.24188384468708163,-7.014631495925367,0.39575286215635597,B_asian_failed_breakout,NZDUSD
2023-02-06,2025-02-06,2025-02-06,2025-08-06,exit=split_mid_opposite|min_sweep_atr=0.1|stop_buffer_atr=0.1|rf=none,-0.17849864024920134,154,42,-0.05468359053699482,-2.2967108025537826,0.7861247100039026,33,-0.1265697562512593,-4.176801956291556,0.601265566676685,B_asian_failed_breakout,NZDUSD
2021-08-06,2023-08-06,2023-08-06,2024-02-06,buffer_atr=0.1|sl=range_0.75|tp=r_3.0|rf=gt_0.25,0.08925302327733603,202,39,-0.1145797091081356,-4.468608655217288,0.7760592280423485,49,-0.030146705098020418,-1.4771885498030004,0.9165393271776049,A_asian_range_breakout,EURJPY
2022-02-06,2024-02-06,2024-02-06,2024-08-06,buffer_atr=0.05|sl=range_0.50|tp=r_3.0|rf=gt_0.25,0.07501045229723408,235,55,0.2286711366097009,12.57691251353355,1.4708586111282556,55,0.13966364063882997,7.681500235135648,1.523554377855879,A_asian_range_breakout,EURJPY
2022-08-06,2024-08-06,2024-08-06,2025-02-06,buffer_atr=0.1|sl=range_0.75|tp=r_3.0|rf=gt_0.25,0.093326438383517,173,50,0.03432579954761635,1.7162899773808176,1.077631297867917,65,-0.011260826597437011,-0.7319537288334057,0.9689790422971609,A_asian_range_breakout,EURJPY
2023-02-06,2025-02-06,2025-02-06,2025-08-06,buffer_atr=0.1|sl=range_1.00|tp=r_3.0|rf=gt_0.25,0.08490965982580245,183,51,-0.08489460596028443,-4.329624903974506,0.6866056661566524,70,0.007571307887962026,0.5299915521573418,1.0339820339880195,A_asian_range_breakout,EURJPY
2021-08-06,2023-08-06,2023-08-06,2024-02-06,exit=tp2_opposite|min_sweep_atr=0.1|stop_buffer_atr=0.1|rf=none,-0.07809978057165783,147,38,-0.20128581319951264,-7.648860901581481,0.5211918337727469,24,-0.251498207256247,-6.035956974149928,0.5170219328834854,B_asian_failed_breakout,EURJPY
2022-02-06,2024-02-06,2024-02-06,2024-08-06,exit=tp1_mid|min_sweep_atr=0.1|stop_buffer_atr=0.05|rf=none,-0.07332341090281448,150,28,-0.10106007534885672,-2.829682109767988,0.7034242754568937,20,-0.09645957741423121,-1.9291915482846242,0.7868587009491863,B_asian_failed_breakout,EURJPY
2022-08-06,2024-08-06,2024-08-06,2025-02-06,exit=tp1_mid|min_sweep_atr=0.1|stop_buffer_atr=0.1|rf=none,-0.13084384986737205,139,42,0.04464005924260958,1.8748824881896025,1.201242221708771,29,0.4126026263271058,11.965476163486068,2.4813518741965384,B_asian_failed_breakout,EURJPY
2023-02-06,2025-02-06,2025-02-06,2025-08-06,exit=tp2_opposite|min_sweep_atr=0.1|stop_buffer_atr=0.05|rf=none,-0.042820152287043195,151,36,-0.13128524974467007,-4.726268990808123,0.6776243247954675,24,-0.12670809180543063,-3.040994203330335,0.71479165070235,B_asian_failed_breakout,EURJPY
2021-08-06,2023-08-06,2023-08-06,2024-02-06,buffer_atr=0.05|sl=range_1.00|tp=r_3.0|rf=btw_0.50_1.50,0.05876028355366117,106,34,0.0397422234355136,1.3512355968074623,1.2567187487253495,31,0.0747530671554522,2.317345081819018,1.4065779354359216,A_asian_range_breakout,JP225
2022-02-06,2024-02-06,2024-02-06,2024-08-06,buffer_atr=0.05|sl=atr_0.50|tp=trail_atr_0.5|rf=btw_0.50_1.50,0.08280490314314473,102,46,0.012855556121701407,0.5913555815982647,1.052339439529307,37,0.10080999829331715,3.7299699368527346,1.5012570933151328,A_asian_range_breakout,JP225
2022-08-06,2024-08-06,2024-08-06,2025-02-06,buffer_atr=0.1|sl=atr_0.50|tp=trail_atr_1.0|rf=btw_0.50_1.50,0.09046649478564772,105,18,-0.14425090161439527,-2.596516229059115,0.5398780849646462,18,-0.14425090161439527,-2.596516229059115,0.5398780849646462,A_asian_range_breakout,JP225
2023-02-06,2025-02-06,2025-02-06,2025-08-06,buffer_atr=0.1|sl=atr_0.50|tp=trail_atr_1.0|rf=btw_0.50_1.50,0.08427895464713013,112,18,0.058099092172263625,1.0457836591007452,1.329278447889888,18,0.058099092172263625,1.0457836591007452,1.329278447889888,A_asian_range_breakout,JP225
2021-08-06,2023-08-06,2023-08-06,2024-02-06,exit=tp1_mid|min_sweep_atr=0.1|stop_buffer_atr=0.1|rf=none,-0.14348748477381815,82,38,-0.07157923027614232,-2.7200107504934086,0.7685527385682941,58,-0.20876693615212988,-12.108482296823533,0.5356947314401633,B_asian_failed_breakout,JP225
2022-02-06,2024-02-06,2024-02-06,2024-08-06,exit=tp1_mid|min_sweep_atr=0.1|stop_buffer_atr=0.1|rf=none,-0.09215535429657867,90,31,0.020841999431037615,0.6461019823621661,1.0914392985411998,63,0.00726090334899907,0.4574369109869414,1.0217870534913533,B_asian_failed_breakout,JP225
2022-08-06,2024-08-06,2024-08-06,2025-02-06,exit=tp1_mid|min_sweep_atr=0.1|stop_buffer_atr=0.1|rf=none,-0.09138676739492749,101,36,0.04249840820123041,1.5299426952442947,1.1898545982011723,55,0.06397274931289493,3.518501212209221,1.2059880997632888,B_asian_failed_breakout,JP225
2023-02-06,2025-02-06,2025-02-06,2025-08-06,exit=tp1_mid|min_sweep_atr=0.1|stop_buffer_atr=0.1|rf=none,-0.048023638544706954,122,28,-0.1655195701191756,-4.634547963336916,0.559959710147474,46,-0.17792680712192985,-8.184633127608773,0.6130408050790235,B_asian_failed_breakout,JP225
2021-08-06,2023-08-06,2023-08-06,2024-02-06,buffer_atr=0.0|or_minutes=60|sl=or_opposite|tp=trail_atr_1.0|rf=none,0.020762589375218233,408,142,-0.048272779132908256,-6.854734636872973,0.8476798671412225,127,0.03355481687628456,4.261461743288139,1.1882457451033854,C_tokyo_or_breakout,JP225
2022-02-06,2024-02-06,2024-02-06,2024-08-06,buffer_atr=0.025|or_minutes=30|sl=atr_0.75|tp=r_1.5|rf=none,0.00608106989132335,376,124,0.03097584318763213,3.8410045552663843,1.1738538365551017,127,0.019694768296877524,2.5012355737034455,1.1019676183895606,C_tokyo_or_breakout,JP225
2022-08-06,2024-08-06,2024-08-06,2025-02-06,buffer_atr=0.0|or_minutes=30|sl=atr_0.50|tp=r_2.0|rf=none,0.03174701871996916,395,131,0.000726920464755374,0.09522658088295399,1.00286698530145,130,0.012378810043329207,1.6092453056327969,1.0757406545476134,C_tokyo_or_breakout,JP225
2023-02-06,2025-02-06,2025-02-06,2025-08-06,buffer_atr=0.0|or_minutes=30|sl=atr_0.50|tp=r_3.0|rf=none,0.043111682736060905,465,126,-0.16395330059147814,-20.658115874526246,0.5087316330961382,122,-0.13470605019545637,-16.434138123845678,0.4530770609441584,C_tokyo_or_breakout,JP225
2021-08-06,2023-08-06,2023-08-06,2024-02-06,exit=tp1_mid|min_sweep_atr=0.2|or_minutes=60|stop_buffer_atr=0.025|rf=none,0.038372943715564385,72,33,-0.1716788515698374,-5.665402101804634,0.4936215118383457,33,-0.11575247840687458,-3.8198317874268612,0.5418214856293239,D_tokyo_or_failed_breakout,JP225
2022-02-06,2024-02-06,2024-02-06,2024-08-06,exit=tp1_mid|min_sweep_atr=0.2|or_minutes=60|stop_buffer_atr=0.1|rf=none,-0.00879717781966923,79,32,-0.11236506930078691,-3.595682217625181,0.5114866139759064,32,-0.11236506930078691,-3.595682217625181,0.5114866139759064,D_tokyo_or_failed_breakout,JP225
2022-08-06,2024-08-06,2024-08-06,2025-02-06,exit=tp1_mid|min_sweep_atr=0.2|or_minutes=30|stop_buffer_atr=0.1|rf=none,-0.031013052437977327,119,28,-0.0026554120381285123,-0.07435153706759834,0.9845255795422824,30,-0.024511898488850138,-0.7353569546655041,0.8750055437604191,D_tokyo_or_failed_breakout,JP225
2023-02-06,2025-02-06,2025-02-06,2025-08-06,exit=tp2_opposite|min_sweep_atr=0.2|or_minutes=5|stop_buffer_atr=0.025|rf=none,-0.04746167329950393,178,44,-0.015174296497902388,-0.667669045907705,0.9435310400454114,14,0.07647036825001279,1.070585155500179,1.4506116637320483,D_tokyo_or_failed_breakout,JP225
2021-08-06,2023-08-06,2023-08-06,2024-02-06,buffer_atr=0.05|sl=range_opposite|tp=r_2.0|vwap_filter=True|rf=gt_0.50,0.03347973823450197,109,34,0.02975418015494938,1.011642125268279,1.215218375978882,33,0.016604174112488084,0.5479377457121067,1.1505508434023106,E_tokyo_breakout_vwap,JP225
2022-02-06,2024-02-06,2024-02-06,2024-08-06,buffer_atr=0.05|sl=range_opposite|tp=r_1.0|vwap_filter=False|rf=gt_0.50,0.03012068265614477,102,46,-0.009277872000826507,-0.4267821120380193,0.9473176901702308,46,0.009232762482456181,0.42470707419298437,1.0761366354402426,E_tokyo_breakout_vwap,JP225
2022-08-06,2024-08-06,2024-08-06,2025-02-06,buffer_atr=0.05|sl=atr_0.75|tp=trail_atr_1.0|vwap_filter=True|rf=gt_0.50,0.03906461620423246,121,21,-0.13572579590435457,-2.850241713991446,0.472883461760894,21,-0.0384422916071412,-0.8072881237499653,0.7386331214221524,E_tokyo_breakout_vwap,JP225
2023-02-06,2025-02-06,2025-02-06,2025-08-06,buffer_atr=0.05|sl=range_opposite|tp=trail_atr_1.0|vwap_filter=True|rf=gt_0.50,0.03350509676608393,130,25,-0.04186076326036781,-1.0465190815091954,0.7704114623187346,25,-0.051106314167192454,-1.2776578541798114,0.6671777085806946,E_tokyo_breakout_vwap,JP225
2017-05-17,2019-05-17,2019-05-17,2019-11-17,buffer_atr=0.0|sl=atr_1.25|tp=r_1.0|rf=none,-0.018269833696101113,444,114,-0.024341879669156824,-2.774974282283878,0.6783311567843011,114,-0.022736946762507954,-2.592011930925907,0.699539745378825,A_asian_range_breakout,XAUUSD
2017-11-17,2019-11-17,2019-11-17,2020-05-17,buffer_atr=0.0|sl=atr_1.25|tp=r_0.5|rf=none,-0.019956631342159005,448,105,0.009266853789160225,0.9730196478618236,1.1410499499090365,105,0.009266853789160225,0.9730196478618236,1.1410499499090365,A_asian_range_breakout,XAUUSD
2018-05-17,2020-05-17,2020-05-17,2020-11-17,buffer_atr=0.0|sl=atr_0.75|tp=r_0.5|rf=gt_0.25,-0.008049646527058191,238,60,-0.04003859636969285,-2.402315782181571,0.7578282079584233,109,-0.028501616940927548,-3.106676246561103,0.6753718722310521,A_asian_range_breakout,XAUUSD
2018-11-17,2020-11-17,2020-11-17,2021-05-17,buffer_atr=0.0|sl=atr_0.75|tp=r_0.5|rf=gt_0.25,-0.011708843547920325,231,63,-0.03680537585245462,-2.318738678704641,0.7205660149180395,100,-0.0048449694927730136,-0.48449694927730136,0.9334966692452112,A_asian_range_breakout,XAUUSD
2019-05-17,2021-05-17,2021-05-17,2021-11-17,buffer_atr=0.025|sl=atr_1.25|tp=r_0.5|rf=none,-0.010323035499424262,387,104,-0.014778351631824688,-1.5369485697097676,0.7792163610163148,116,-0.005190033793593291,-0.6020439200568217,0.9168822546448598,A_asian_range_breakout,XAUUSD
2019-11-17,2021-11-17,2021-11-17,2022-05-17,buffer_atr=0.0|sl=atr_0.50|tp=r_0.5|rf=gt_0.25,-0.006347856689319767,236,45,0.04207032612008462,1.8931646754038078,1.2420018410060274,107,-0.021068548723669856,-2.2543347134326748,0.751605123012641,A_asian_range_breakout,XAUUSD
2020-05-17,2022-05-17,2022-05-17,2022-11-17,buffer_atr=0.0|sl=atr_1.25|tp=trail_atr_0.5|rf=none,-0.01355017723727642,432,121,-0.00944070438063606,-1.1423252300569633,0.8794266432428602,121,-0.00944070438063606,-1.1423252300569633,0.8794266432428602,A_asian_range_breakout,XAUUSD
2020-11-17,2022-11-17,2022-11-17,2023-05-17,buffer_atr=0.1|sl=atr_0.50|tp=r_0.5|rf=gt_0.25,0.007482179063716919,134,27,-0.0016234503125746634,-0.043833158439515914,0.9910493250444625,113,-0.0010114128340814068,-0.11428965025119897,0.9854427598739101,A_asian_range_breakout,XAUUSD
2021-05-17,2023-05-17,2023-05-17,2023-11-17,buffer_atr=0.05|sl=range_opposite|tp=trail_atr_1.0|rf=gt_0.25,0.020078847701935642,169,34,-0.18205857457217234,-6.189991535453859,0.2593837732327856,122,-0.030264478397891623,-3.6922663645427782,0.6104767296776045,A_asian_range_breakout,XAUUSD
2021-11-17,2023-11-17,2023-11-17,2024-05-17,buffer_atr=0.05|sl=range_opposite|tp=r_2.0|rf=gt_0.25,0.018730571587134155,154,29,0.029294392753176367,0.8495373898421147,1.177677904514342,98,-0.012716621387461375,-1.2462288959712147,0.8248851753919264,A_asian_range_breakout,XAUUSD
2022-05-17,2024-05-17,2024-05-17,2024-11-17,buffer_atr=0.05|sl=range_opposite|tp=r_2.0|rf=gt_0.25,0.023240242175453188,148,42,-0.1255967108046217,-5.275061853794112,0.5391668982488439,115,-0.012468179492530118,-1.4338406416409637,0.8381697782185208,A_asian_range_breakout,XAUUSD
2017-05-17,2019-05-17,2019-05-17,2019-11-17,exit=split_mid_opposite|min_sweep_atr=0.1|stop_buffer_atr=0.1|rf=gt_0.25,-0.09751342955692534,66,13,0.037160081700114894,0.48308106210149365,1.1350348088651532,13,0.037419954735076075,0.48645941155598893,1.1124985449347415,B_asian_failed_breakout,XAUUSD
2017-11-17,2019-11-17,2019-11-17,2020-05-17,exit=tp1_mid|min_sweep_atr=0.1|stop_buffer_atr=0.1|rf=none,-0.10819195631942684,135,27,-0.1466032025039146,-3.9582864676056944,0.575041013847573,17,-0.2874297267319008,-4.886305354442314,0.3646879671075039,B_asian_failed_breakout,XAUUSD
2018-05-17,2020-05-17,2020-05-17,2020-11-17,exit=tp1_mid|min_sweep_atr=0.1|stop_buffer_atr=0.1|rf=none,-0.11300432195300503,138,34,-0.028987920363842085,-0.9855892923706309,0.9023591426910851,22,0.13453716939729413,2.9598177267404706,1.3966531085112173,B_asian_failed_breakout,XAUUSD
2018-11-17,2020-11-17,2020-11-17,2021-05-17,exit=tp2_opposite|min_sweep_atr=0.1|stop_buffer_atr=0.0|rf=gt_0.25,-0.06996648462451521,72,21,-0.16671130771336765,-3.5009374619807203,0.6786271096156776,21,-0.06150861454003692,-1.2916809053407754,0.8088767586856233,B_asian_failed_breakout,XAUUSD
2019-05-17,2021-05-17,2021-05-17,2021-11-17,exit=tp2_opposite|min_sweep_atr=0.1|stop_buffer_atr=0.0|rf=none,0.01696701334856375,127,35,-0.14489348202134064,-5.071271870746923,0.7200565594690133,21,-0.11720961903270288,-2.4614019996867604,0.6697186447447441,B_asian_failed_breakout,XAUUSD
2019-11-17,2021-11-17,2021-11-17,2022-05-17,exit=tp2_opposite|min_sweep_atr=0.1|stop_buffer_atr=0.0|rf=gt_0.25,-0.05831865466687017,81,13,-0.3602771427600037,-4.683602855880048,0.4241167007344424,13,0.0913768759936491,1.1878993879174384,1.335468221186442,B_asian_failed_breakout,XAUUSD
2020-05-17,2022-05-17,2022-05-17,2022-11-17,exit=tp2_opposite|min_sweep_atr=0.1|stop_buffer_atr=0.1|rf=gt_0.25,0.005125119605589264,77,20,-0.4394712176720462,-8.789424353440925,0.11257483939921689,20,-0.4394712176720462,-8.789424353440925,0.11257483939921689,B_asian_failed_breakout,XAUUSD
2020-11-17,2022-11-17,2022-11-17,2023-05-17,exit=tp1_mid|min_sweep_atr=0.0|stop_buffer_atr=0.1|rf=none,-0.09618755901909345,500,126,-0.11779878834057003,-14.842647330911824,0.7400419464703536,15,-0.17775205973463487,-2.666280896019523,0.5275771087776826,B_asian_failed_breakout,XAUUSD
2021-05-17,2023-05-17,2023-05-17,2023-11-17,exit=tp1_mid|min_sweep_atr=0.0|stop_buffer_atr=0.1|rf=gt_0.25,-0.11979541743824394,225,47,0.05403581757055101,2.5396834258158973,1.1206549418399592,10,-0.008275011297158557,-0.08275011297158558,0.965251298967971,B_asian_failed_breakout,XAUUSD
2021-11-17,2023-11-17,2023-11-17,2024-05-17,exit=split_mid_opposite|min_sweep_atr=0.05|stop_buffer_atr=0.1|rf=gt_0.25,-0.03384569044084215,118,19,-0.27795976389804256,-5.281235514062809,0.36603064623671183,8,-0.34512179150470945,-2.7609743320376756,0.164627320171218,B_asian_failed_breakout,XAUUSD
2022-05-17,2024-05-17,2024-05-17,2024-11-17,exit=tp2_opposite|min_sweep_atr=0.0|stop_buffer_atr=0.1|rf=gt_0.25,-0.06667488670836098,193,56,-0.23315445181859812,-13.056649301841494,0.5753528123308069,23,0.19235449349282943,4.424153350335077,1.9524246701440768,B_asian_failed_breakout,XAUUSD
2017-05-17,2019-05-17,2019-05-17,2019-11-17,buffer_atr=0.0|or_minutes=15|sl=atr_1.00|tp=r_2.0|rf=none,-0.014825051065018073,509,131,-0.022013282397895757,-2.883739994124344,0.8354068323279347,131,-0.025830076291025527,-3.383739994124344,0.8068686894982368,C_tokyo_or_breakout,XAUUSD
2017-11-17,2019-11-17,2019-11-17,2020-05-17,buffer_atr=0.0|or_minutes=15|sl=atr_1.00|tp=r_2.0|rf=none,-0.009153546363198716,508,126,-0.023397979356517284,-2.9481453989211777,0.8325302795675096,126,-0.023397979356517284,-2.9481453989211777,0.8325302795675096,C_tokyo_or_breakout,XAUUSD
2018-05-17,2020-05-17,2020-05-17,2020-11-17,buffer_atr=0.0|or_minutes=15|sl=atr_1.00|tp=r_1.0|rf=none,-0.01626650075771218,513,131,-0.020410735766427806,-2.6738063854020426,0.8456932605769235,131,-0.031039786812930893,-4.066212072493947,0.7653368134151768,C_tokyo_or_breakout,XAUUSD
2018-11-17,2020-11-17,2020-11-17,2021-05-17,buffer_atr=0.025|or_minutes=5|sl=atr_1.00|tp=r_1.0|rf=none,-0.010540157127970769,512,126,-0.05364193638511819,-6.758883984524892,0.6259298160450666,126,-0.05375920510077178,-6.773659842697244,0.6123547900945581,C_tokyo_or_breakout,XAUUSD
2019-05-17,2021-05-17,2021-05-17,2021-11-17,buffer_atr=0.1|or_minutes=5|sl=atr_1.00|tp=r_1.0|rf=none,-0.02160614160519068,491,129,0.0187295649151427,2.416113874053408,1.211485991804101,132,0.0265416114510954,3.5034927115445926,1.2617473687501428,C_tokyo_or_breakout,XAUUSD
2019-11-17,2021-11-17,2021-11-17,2022-05-17,buffer_atr=0.025|or_minutes=5|sl=atr_1.00|tp=r_1.0|rf=none,-0.007226571642971029,514,126,-0.0226568208133183,-2.854759422478106,0.819835807600094,126,-0.034108806371092794,-4.297709602757692,0.7425309987006845,C_tokyo_or_breakout,XAUUSD
2020-05-17,2022-05-17,2022-05-17,2022-11-17,buffer_atr=0.025|or_minutes=5|sl=atr_0.75|tp=r_1.0|rf=none,-0.01032205999494098,516,132,-0.05906498196395964,-7.796577619242672,0.6939521962480324,132,-0.025955917913066687,-3.426181164524803,0.8067468200789149,C_tokyo_or_breakout,XAUUSD
2020-11-17,2022-11-17,2022-11-17,2023-05-17,buffer_atr=0.0|or_minutes=5|sl=atr_1.00|tp=r_1.5|rf=none,-0.011025846278619373,516,126,-0.0036203520212967047,-0.4561643546833848,0.9702102116917853,126,-0.015303726072414424,-1.9282694851242175,0.8772655906452733,C_tokyo_or_breakout,XAUUSD
2021-05-17,2023-05-17,2023-05-17,2023-11-17,buffer_atr=0.0|or_minutes=5|sl=atr_1.00|tp=r_2.0|rf=none,0.0010781764054345192,516,132,-0.009837820807368463,-1.298592346572637,0.907748002920078,132,0.011688199562741714,1.5428423422819062,1.1285836372974132,C_tokyo_or_breakout,XAUUSD
2021-11-17,2023-11-17,2023-11-17,2024-05-17,buffer_atr=0.0|or_minutes=5|sl=atr_1.00|tp=r_1.5|rf=none,-0.004930336933333571,516,127,-0.018209824491187954,-2.3126477103808702,0.8544040912490114,127,-0.03021116436948817,-3.8368178749249977,0.7691950438580539,C_tokyo_or_breakout,XAUUSD
2022-05-17,2024-05-17,2024-05-17,2024-11-17,buffer_atr=0.0|or_minutes=5|sl=atr_1.00|tp=r_2.0|rf=none,-0.005366474606767706,517,131,-0.02096807194697058,-2.746817425053146,0.8476128652634423,131,0.004135238385807871,0.5417162285408311,1.034817682088814,C_tokyo_or_breakout,XAUUSD
2017-05-17,2019-05-17,2019-05-17,2019-11-17,exit=tp2_opposite|min_sweep_atr=0.2|or_minutes=60|stop_buffer_atr=0.1|rf=none,-0.016569371078440025,59,21,-0.1996871824343474,-4.1934308311212956,0.3620328571181128,21,-0.1996871824343474,-4.1934308311212956,0.3620328571181128,D_tokyo_or_failed_breakout,XAUUSD
2017-11-17,2019-11-17,2019-11-17,2020-05-17,exit=tp1_mid|min_sweep_atr=0.2|or_minutes=30|stop_buffer_atr=0.05|rf=none,-0.08046245124324534,60,20,-0.23818809170269234,-4.763761834053847,0.29050739348464166,22,-0.12923450159586272,-2.84315903510898,0.5893456738013346,D_tokyo_or_failed_breakout,XAUUSD
2018-05-17,2020-05-17,2020-05-17,2020-11-17,exit=tp1_mid|min_sweep_atr=0.05|or_minutes=5|stop_buffer_atr=0.1|rf=none,-0.08716411608236323,309,113,-0.04512134889128431,-5.098712424715127,0.5884572360176513,25,0.02137638470187407,0.5344096175468518,1.1186808020795669,D_tokyo_or_failed_breakout,XAUUSD
2018-11-17,2020-11-17,2020-11-17,2021-05-17,exit=tp1_mid|min_sweep_atr=0.05|or_minutes=60|stop_buffer_atr=0.1|rf=none,-0.06495213856284082,424,123,0.0077968932833057435,0.9590178738466064,1.0524420328642745,23,0.0510346708106041,1.1737974286438944,1.4861444134426558,D_tokyo_or_failed_breakout,XAUUSD
2019-05-17,2021-05-17,2021-05-17,2021-11-17,exit=tp2_opposite|min_sweep_atr=0.1|or_minutes=60|stop_buffer_atr=0.1|rf=none,-0.023192124737810432,267,67,-0.0783996599715665,-5.2527772180949555,0.7147136548396804,18,0.018064278085874633,0.3251570055457434,1.134940688637661,D_tokyo_or_failed_breakout,XAUUSD
2019-11-17,2021-11-17,2021-11-17,2022-05-17,exit=tp2_opposite|min_sweep_atr=0.2|or_minutes=60|stop_buffer_atr=0.05|rf=none,-0.0009556078189958551,88,18,-0.05876839495235732,-1.0578311091424317,0.7290331884464576,18,-0.06512003901578335,-1.1721607022841003,0.679861123515433,D_tokyo_or_failed_breakout,XAUUSD
2020-05-17,2022-05-17,2022-05-17,2022-11-17,exit=tp2_opposite|min_sweep_atr=0.2|or_minutes=60|stop_buffer_atr=0.05|rf=none,0.023823123265349865,84,15,0.05111637816668189,0.7667456725002283,1.3430272212076977,15,0.03249817886387459,0.48747268295811885,1.2342726257727317,D_tokyo_or_failed_breakout,XAUUSD
2020-11-17,2022-11-17,2022-11-17,2023-05-17,exit=tp2_opposite|min_sweep_atr=0.2|or_minutes=60|stop_buffer_atr=0.1|rf=none,0.011003600200860221,74,21,0.12730654195559754,2.6734373810675485,2.552024782889468,21,0.12730654195559754,2.6734373810675485,2.552024782889468,D_tokyo_or_failed_breakout,XAUUSD
2021-05-17,2023-05-17,2023-05-17,2023-11-17,exit=tp2_opposite|min_sweep_atr=0.2|or_minutes=30|stop_buffer_atr=0.1|rf=none,0.07014740258915703,73,17,-0.037494663508079576,-0.6374092796373528,0.7496716344177288,15,-0.15785528582605507,-2.367829287390826,0.34925234102522656,D_tokyo_or_failed_breakout,XAUUSD
2021-11-17,2023-11-17,2023-11-17,2024-05-17,exit=tp2_opposite|min_sweep_atr=0.2|or_minutes=30|stop_buffer_atr=0.025|rf=none,0.03934227621310763,72,16,-0.05948810333709742,-0.9518096533935587,0.7483748265612032,13,-0.018466530135301716,-0.2400648917589223,0.9091277688212163,D_tokyo_or_failed_breakout,XAUUSD
2022-05-17,2024-05-17,2024-05-17,2024-11-17,exit=tp2_opposite|min_sweep_atr=0.2|or_minutes=30|stop_buffer_atr=0.0|rf=none,0.020320597104467472,72,26,-0.1158234079287437,-3.011408606147336,0.5749839195202442,27,0.01849679746633642,0.49941353159108337,1.1217302514685732,D_tokyo_or_failed_breakout,XAUUSD
